{"v":"5.12.1","fr":30,"ip":0,"op":189,"w":1000,"h":1000,"nm":"02_faces","ddd":0,"assets":[{"id":"comp_0","nm":"face","fr":30,"layers":[{"ddd":0,"ind":1,"ty":4,"nm":"Shape Layer 12","td":1,"sr":1,"ks":{"o":{"a":0,"k":100,"ix":11},"r":{"a":0,"k":0,"ix":10},"p":{"a":0,"k":[524,500,0],"ix":2,"l":2},"a":{"a":0,"k":[0,0,0],"ix":1,"l":2},"s":{"a":0,"k":[100,253.448,100],"ix":6,"l":2}},"ao":0,"shapes":[{"ty":"gr","it":[{"ty":"rc","d":1,"s":{"a":0,"k":[494.805,606.195],"ix":2},"p":{"a":0,"k":[0,0],"ix":3},"r":{"a":0,"k":0,"ix":4},"nm":"Rectangle Path 1","mn":"ADBE Vector Shape - Rect","hd":false},{"ty":"fl","c":{"a":0,"k":[0,0.433330281576,1,1],"ix":4},"o":{"a":0,"k":100,"ix":5},"r":1,"bm":0,"nm":"Fill 1","mn":"ADBE Vector Graphic - Fill","hd":false},{"ty":"tr","p":{"a":0,"k":[-256.598,71.098],"ix":2},"a":{"a":0,"k":[0,0],"ix":1},"s":{"a":0,"k":[100,100],"ix":3},"r":{"a":0,"k":0,"ix":6},"o":{"a":0,"k":100,"ix":7},"sk":{"a":0,"k":0,"ix":4},"sa":{"a":0,"k":0,"ix":5},"nm":"Transform"}],"nm":"Rectangle 1","np":3,"cix":2,"bm":0,"ix":1,"mn":"ADBE Vector Group","hd":false}],"ip":153,"op":194,"st":95,"ct":1,"bm":0},{"ddd":0,"ind":2,"ty":0,"nm":"hair_L 4","parent":4,"tt":1,"tp":1,"refId":"comp_1","sr":1,"ks":{"o":{"a":0,"k":100,"ix":11},"r":{"a":0,"k":0,"ix":10},"p":{"a":0,"k":[-70.894,-234.512,0],"ix":2,"l":2},"a":{"a":0,"k":[589.091,264.08,0],"ix":1,"l":2},"s":{"a":0,"k":[-100,100,100],"ix":6,"l":2}},"ao":0,"w":1000,"h":1000,"ip":153,"op":194,"st":95,"bm":0},{"ddd":0,"ind":3,"ty":4,"nm":"Shape Layer 11","td":1,"sr":1,"ks":{"o":{"a":0,"k":100,"ix":11},"r":{"a":0,"k":0,"ix":10},"p":{"a":0,"k":[500,500,0],"ix":2,"l":2},"a":{"a":0,"k":[0,0,0],"ix":1,"l":2},"s":{"a":0,"k":[100,100,100],"ix":6,"l":2}},"ao":0,"shapes":[{"ty":"gr","it":[{"ty":"rc","d":1,"s":{"a":0,"k":[494.805,606.195],"ix":2},"p":{"a":0,"k":[0,0],"ix":3},"r":{"a":0,"k":0,"ix":4},"nm":"Rectangle Path 1","mn":"ADBE Vector Shape - Rect","hd":false},{"ty":"fl","c":{"a":0,"k":[0,0.433330281576,1,1],"ix":4},"o":{"a":0,"k":100,"ix":5},"r":1,"bm":0,"nm":"Fill 1","mn":"ADBE Vector Graphic - Fill","hd":false},{"ty":"tr","p":{"a":0,"k":[-256.598,71.098],"ix":2},"a":{"a":0,"k":[0,0],"ix":1},"s":{"a":0,"k":[100,100],"ix":3},"r":{"a":0,"k":0,"ix":6},"o":{"a":0,"k":100,"ix":7},"sk":{"a":0,"k":0,"ix":4},"sa":{"a":0,"k":0,"ix":5},"nm":"Transform"}],"nm":"Rectangle 1","np":3,"cix":2,"bm":0,"ix":1,"mn":"ADBE Vector Group","hd":false}],"ip":153,"op":192,"st":95,"ct":1,"bm":0},{"ddd":0,"ind":4,"ty":4,"nm":"face_L 4","tt":1,"tp":3,"sr":1,"ks":{"o":{"a":0,"k":100,"ix":11},"r":{"a":1,"k":[{"i":{"x":[0.383],"y":[1.494]},"o":{"x":[0.343],"y":[0]},"t":153,"s":[6]},{"i":{"x":[0.666],"y":[1]},"o":{"x":[0.167],"y":[0]},"t":170,"s":[-5]},{"t":179,"s":[0]}],"ix":10},"p":{"a":1,"k":[{"i":{"x":0.833,"y":1},"o":{"x":0.167,"y":0},"t":153,"s":[616.979,875.562,0],"to":[0,0,0],"ti":[0,0,0]},{"t":170,"s":[280.979,865.431,0]}],"ix":2,"l":2},"a":{"a":0,"k":[-199.021,365.431,0],"ix":1,"l":2},"s":{"a":0,"k":[100,100,100],"ix":6,"l":2}},"ao":0,"shapes":[{"ty":"gr","it":[{"ind":0,"ty":"sh","ix":1,"ks":{"a":0,"k":{"i":[[0,0],[0,0],[0,4.93],[5.27,0],[0,0],[0,0],[0,0],[0,0],[0,17.76],[0,0],[0,0],[0,0],[0,21.1],[0,0],[0,0],[0,-21.1],[0,0],[0,0],[0,0],[-62.79,0],[62.79,0],[0,0],[0,0],[0,0],[0,-54],[0,0],[0,-45.96],[0,0],[0,0],[0,0],[38.4,0],[0,0],[0,21.1],[0,0],[-21.1,0]],"o":[[0,0],[4.79,-0.51],[0,-5.28],[0,0],[0,0],[0,0],[0,0],[16.41,-4.29],[0,0],[0,0],[0,0],[21.1,0],[0,0],[0,0],[21.1,0],[0,0],[0,0],[0,0],[0,-37.32],[0,-37.32],[0,0],[0,0],[0,0],[147.19,0],[0,0],[-39.32,0],[0,0],[0,0],[0,0],[0,38.4],[0,0],[-21.1,0],[0,0],[0,-21.1],[0,0]],"v":[[-51.105,178.295],[-50.075,178.235],[-41.545,168.735],[-51.095,159.185],[-84.415,159.185],[-84.415,134.585],[-51.095,134.585],[-41.405,133.345],[-12.885,96.375],[-84.415,96.375],[-84.415,71.775],[-77.695,71.775],[-39.485,33.565],[-145.015,33.565],[-97.615,-130.645],[-59.405,-92.435],[-59.405,-85.695],[-59.405,-32.925],[-15.495,-32.925],[98.205,-100.495],[-15.485,-168.065],[-76.005,-168.065],[-97.625,-168.065],[-97.625,-264.275],[145.015,-89.745],[145.015,-57.065],[81.695,52.725],[81.695,156.635],[81.735,156.635],[81.735,194.745],[12.205,264.275],[-51.115,264.275],[-89.325,226.065],[-89.325,216.515],[-51.115,178.305]],"c":true},"ix":2},"nm":"Path 1","mn":"ADBE Vector Shape - Group","hd":false},{"ty":"fl","c":{"a":0,"k":[1,1,1,1],"ix":4},"o":{"a":0,"k":100,"ix":5},"r":1,"bm":0,"nm":"Fill 1","mn":"ADBE Vector Graphic - Fill","hd":false},{"ty":"tr","p":{"a":0,"k":[-199.026,105.431],"ix":2},"a":{"a":0,"k":[0,0],"ix":1},"s":{"a":0,"k":[100,100],"ix":3},"r":{"a":0,"k":0,"ix":6},"o":{"a":0,"k":100,"ix":7},"sk":{"a":0,"k":0,"ix":4},"sa":{"a":0,"k":0,"ix":5},"nm":"Transform"}],"nm":"Group 3","np":2,"cix":2,"bm":0,"ix":1,"mn":"ADBE Vector Group","hd":false},{"ty":"gr","it":[{"ind":0,"ty":"sh","ix":1,"ks":{"a":0,"k":{"i":[[0,0],[0,0],[0,-21.1],[0,0],[0,0],[0,0],[0,0],[78.84,-74.76],[0,0],[0,0],[0,0],[0,0],[0,0]],"o":[[0,0],[21.1,0],[0,0],[0,0],[0,0],[0,0],[0,0],[0,0],[0,0],[0,0],[0,0],[0,0],[0,0]],"v":[[-121.32,-185.99],[-95.99,-185.99],[-57.78,-147.78],[67.53,-147.78],[67.53,-112.42],[121.32,-112.42],[121.32,47.15],[40.1,186],[46.32,-85.45],[-108.13,-85.45],[-108.13,-123.66],[-121.32,-123.66],[-121.32,-186]],"c":true},"ix":2},"nm":"Path 1","mn":"ADBE Vector Shape - Group","hd":false},{"ty":"fl","c":{"a":0,"k":[0.384313755409,0.447058853449,0.505882352941,1],"ix":4},"o":{"a":0,"k":100,"ix":5},"r":1,"bm":0,"nm":"Fill 1","mn":"ADBE Vector Graphic - Fill","hd":false},{"ty":"tr","p":{"a":0,"k":[-175.321,160.776],"ix":2},"a":{"a":0,"k":[0,0],"ix":1},"s":{"a":0,"k":[100,100],"ix":3},"r":{"a":0,"k":0,"ix":6},"o":{"a":0,"k":100,"ix":7},"sk":{"a":0,"k":0,"ix":4},"sa":{"a":0,"k":0,"ix":5},"nm":"Transform"}],"nm":"Group 4","np":2,"cix":2,"bm":0,"ix":2,"mn":"ADBE Vector Group","hd":false}],"ip":153,"op":192,"st":95,"ct":1,"bm":0},{"ddd":0,"ind":5,"ty":4,"nm":"Shape Layer 10","td":1,"sr":1,"ks":{"o":{"a":0,"k":100,"ix":11},"r":{"a":0,"k":0,"ix":10},"p":{"a":0,"k":[1026,500,0],"ix":2,"l":2},"a":{"a":0,"k":[0,0,0],"ix":1,"l":2},"s":{"a":0,"k":[100,253.448,100],"ix":6,"l":2}},"ao":0,"shapes":[{"ty":"gr","it":[{"ty":"rc","d":1,"s":{"a":0,"k":[494.805,606.195],"ix":2},"p":{"a":0,"k":[0,0],"ix":3},"r":{"a":0,"k":0,"ix":4},"nm":"Rectangle Path 1","mn":"ADBE Vector Shape - Rect","hd":false},{"ty":"fl","c":{"a":0,"k":[0,0.433330281576,1,1],"ix":4},"o":{"a":0,"k":100,"ix":5},"r":1,"bm":0,"nm":"Fill 1","mn":"ADBE Vector Graphic - Fill","hd":false},{"ty":"tr","p":{"a":0,"k":[-256.598,71.098],"ix":2},"a":{"a":0,"k":[0,0],"ix":1},"s":{"a":0,"k":[100,100],"ix":3},"r":{"a":0,"k":0,"ix":6},"o":{"a":0,"k":100,"ix":7},"sk":{"a":0,"k":0,"ix":4},"sa":{"a":0,"k":0,"ix":5},"nm":"Transform"}],"nm":"Rectangle 1","np":3,"cix":2,"bm":0,"ix":1,"mn":"ADBE Vector Group","hd":false}],"ip":94,"op":153,"st":0,"ct":1,"bm":0},{"ddd":0,"ind":6,"ty":0,"nm":"hair_L 3","parent":8,"tt":1,"tp":5,"refId":"comp_1","sr":1,"ks":{"o":{"a":0,"k":100,"ix":11},"r":{"a":0,"k":0,"ix":10},"p":{"a":0,"k":[-86.688,-234.09,0],"ix":2,"l":2},"a":{"a":0,"k":[589.091,264.08,0],"ix":1,"l":2},"s":{"a":0,"k":[-100,100,100],"ix":6,"l":2}},"ao":0,"w":1000,"h":1000,"ip":94,"op":153,"st":0,"bm":0},{"ddd":0,"ind":7,"ty":4,"nm":"Shape Layer 9","td":1,"sr":1,"ks":{"o":{"a":0,"k":100,"ix":11},"r":{"a":0,"k":0,"ix":10},"p":{"a":0,"k":[1022,500,0],"ix":2,"l":2},"a":{"a":0,"k":[0,0,0],"ix":1,"l":2},"s":{"a":0,"k":[100,100,100],"ix":6,"l":2}},"ao":0,"shapes":[{"ty":"gr","it":[{"ty":"rc","d":1,"s":{"a":0,"k":[494.805,606.195],"ix":2},"p":{"a":0,"k":[0,0],"ix":3},"r":{"a":0,"k":0,"ix":4},"nm":"Rectangle Path 1","mn":"ADBE Vector Shape - Rect","hd":false},{"ty":"fl","c":{"a":0,"k":[0,0.433330281576,1,1],"ix":4},"o":{"a":0,"k":100,"ix":5},"r":1,"bm":0,"nm":"Fill 1","mn":"ADBE Vector Graphic - Fill","hd":false},{"ty":"tr","p":{"a":0,"k":[-256.598,71.098],"ix":2},"a":{"a":0,"k":[0,0],"ix":1},"s":{"a":0,"k":[100,100],"ix":3},"r":{"a":0,"k":0,"ix":6},"o":{"a":0,"k":100,"ix":7},"sk":{"a":0,"k":0,"ix":4},"sa":{"a":0,"k":0,"ix":5},"nm":"Transform"}],"nm":"Rectangle 1","np":3,"cix":2,"bm":0,"ix":1,"mn":"ADBE Vector Group","hd":false}],"ip":94,"op":153,"st":0,"ct":1,"bm":0},{"ddd":0,"ind":8,"ty":4,"nm":"face_L 3","tt":1,"tp":7,"sr":1,"ks":{"o":{"a":0,"k":100,"ix":11},"r":{"a":1,"k":[{"i":{"x":[0.383],"y":[1.494]},"o":{"x":[0.343],"y":[0]},"t":58,"s":[6]},{"i":{"x":[0.666],"y":[1]},"o":{"x":[0.167],"y":[0]},"t":75,"s":[5]},{"i":{"x":[0.667],"y":[1]},"o":{"x":[0.167],"y":[0]},"t":84,"s":[0]},{"i":{"x":[0.017],"y":[0.971]},"o":{"x":[0.333],"y":[0]},"t":94,"s":[0]},{"t":124,"s":[8]}],"ix":10},"p":{"a":1,"k":[{"i":{"x":0.14,"y":1},"o":{"x":0.167,"y":0},"t":58,"s":[294.979,865.431,0],"to":[0,0,0],"ti":[0,0,0]},{"i":{"x":0.833,"y":0.833},"o":{"x":0.167,"y":0.167},"t":75,"s":[735.979,865.431,0],"to":[0,0,0],"ti":[0,0,0]},{"i":{"x":0.421,"y":1},"o":{"x":0.885,"y":0},"t":114,"s":[735.979,865.431,0],"to":[0,0,0],"ti":[0,0,0]},{"t":142,"s":[294.979,865.431,0]}],"ix":2,"l":2},"a":{"a":0,"k":[-199.021,365.431,0],"ix":1,"l":2},"s":{"a":0,"k":[100,100,100],"ix":6,"l":2}},"ao":0,"shapes":[{"ty":"gr","it":[{"ind":0,"ty":"sh","ix":1,"ks":{"a":0,"k":{"i":[[0,0],[0,0],[0,4.93],[5.27,0],[0,0],[0,0],[0,0],[0,0],[0,17.76],[0,0],[0,0],[0,0],[0,21.1],[0,0],[0,0],[0,-21.1],[0,0],[0,0],[0,0],[-62.79,0],[62.79,0],[0,0],[0,0],[0,0],[0,-54],[0,0],[0,-45.96],[0,0],[0,0],[0,0],[38.4,0],[0,0],[0,21.1],[0,0],[-21.1,0]],"o":[[0,0],[4.79,-0.51],[0,-5.28],[0,0],[0,0],[0,0],[0,0],[16.41,-4.29],[0,0],[0,0],[0,0],[21.1,0],[0,0],[0,0],[21.1,0],[0,0],[0,0],[0,0],[0,-37.32],[0,-37.32],[0,0],[0,0],[0,0],[147.19,0],[0,0],[-39.32,0],[0,0],[0,0],[0,0],[0,38.4],[0,0],[-21.1,0],[0,0],[0,-21.1],[0,0]],"v":[[-51.105,178.295],[-50.075,178.235],[-41.545,168.735],[-51.095,159.185],[-84.415,159.185],[-84.415,134.585],[-51.095,134.585],[-41.405,133.345],[-12.885,96.375],[-84.415,96.375],[-84.415,71.775],[-77.695,71.775],[-39.485,33.565],[-145.015,33.565],[-97.615,-130.645],[-59.405,-92.435],[-59.405,-85.695],[-59.405,-32.925],[-15.495,-32.925],[98.205,-100.495],[-15.485,-168.065],[-76.005,-168.065],[-97.625,-168.065],[-97.625,-264.275],[145.015,-89.745],[145.015,-57.065],[81.695,52.725],[81.695,156.635],[81.735,156.635],[81.735,194.745],[12.205,264.275],[-51.115,264.275],[-89.325,226.065],[-89.325,216.515],[-51.115,178.305]],"c":true},"ix":2},"nm":"Path 1","mn":"ADBE Vector Shape - Group","hd":false},{"ty":"fl","c":{"a":0,"k":[1,1,1,1],"ix":4},"o":{"a":0,"k":100,"ix":5},"r":1,"bm":0,"nm":"Fill 1","mn":"ADBE Vector Graphic - Fill","hd":false},{"ty":"tr","p":{"a":0,"k":[-199.026,105.431],"ix":2},"a":{"a":0,"k":[0,0],"ix":1},"s":{"a":0,"k":[100,100],"ix":3},"r":{"a":0,"k":0,"ix":6},"o":{"a":0,"k":100,"ix":7},"sk":{"a":0,"k":0,"ix":4},"sa":{"a":0,"k":0,"ix":5},"nm":"Transform"}],"nm":"Group 3","np":2,"cix":2,"bm":0,"ix":1,"mn":"ADBE Vector Group","hd":false},{"ty":"gr","it":[{"ind":0,"ty":"sh","ix":1,"ks":{"a":0,"k":{"i":[[0,0],[0,0],[0,-21.1],[0,0],[0,0],[0,0],[0,0],[78.84,-74.76],[0,0],[0,0],[0,0],[0,0],[0,0]],"o":[[0,0],[21.1,0],[0,0],[0,0],[0,0],[0,0],[0,0],[0,0],[0,0],[0,0],[0,0],[0,0],[0,0]],"v":[[-121.32,-185.99],[-95.99,-185.99],[-57.78,-147.78],[67.53,-147.78],[67.53,-112.42],[121.32,-112.42],[121.32,47.15],[40.1,186],[46.32,-85.45],[-108.13,-85.45],[-108.13,-123.66],[-121.32,-123.66],[-121.32,-186]],"c":true},"ix":2},"nm":"Path 1","mn":"ADBE Vector Shape - Group","hd":false},{"ty":"fl","c":{"a":0,"k":[0.384313755409,0.447058853449,0.505882352941,1],"ix":4},"o":{"a":0,"k":100,"ix":5},"r":1,"bm":0,"nm":"Fill 1","mn":"ADBE Vector Graphic - Fill","hd":false},{"ty":"tr","p":{"a":0,"k":[-175.321,160.776],"ix":2},"a":{"a":0,"k":[0,0],"ix":1},"s":{"a":0,"k":[100,100],"ix":3},"r":{"a":0,"k":0,"ix":6},"o":{"a":0,"k":100,"ix":7},"sk":{"a":0,"k":0,"ix":4},"sa":{"a":0,"k":0,"ix":5},"nm":"Transform"}],"nm":"Group 4","np":2,"cix":2,"bm":0,"ix":2,"mn":"ADBE Vector Group","hd":false}],"ip":94,"op":153,"st":0,"ct":1,"bm":0},{"ddd":0,"ind":9,"ty":4,"nm":"Shape Layer 8","td":1,"sr":1,"ks":{"o":{"a":0,"k":100,"ix":11},"r":{"a":0,"k":0,"ix":10},"p":{"a":0,"k":[1026,500,0],"ix":2,"l":2},"a":{"a":0,"k":[0,0,0],"ix":1,"l":2},"s":{"a":0,"k":[100,253.448,100],"ix":6,"l":2}},"ao":0,"shapes":[{"ty":"gr","it":[{"ty":"rc","d":1,"s":{"a":0,"k":[494.805,606.195],"ix":2},"p":{"a":0,"k":[0,0],"ix":3},"r":{"a":0,"k":0,"ix":4},"nm":"Rectangle Path 1","mn":"ADBE Vector Shape - Rect","hd":false},{"ty":"fl","c":{"a":0,"k":[0,0.433330281576,1,1],"ix":4},"o":{"a":0,"k":100,"ix":5},"r":1,"bm":0,"nm":"Fill 1","mn":"ADBE Vector Graphic - Fill","hd":false},{"ty":"tr","p":{"a":0,"k":[-256.598,71.098],"ix":2},"a":{"a":0,"k":[0,0],"ix":1},"s":{"a":0,"k":[100,100],"ix":3},"r":{"a":0,"k":0,"ix":6},"o":{"a":0,"k":100,"ix":7},"sk":{"a":0,"k":0,"ix":4},"sa":{"a":0,"k":0,"ix":5},"nm":"Transform"}],"nm":"Rectangle 1","np":3,"cix":2,"bm":0,"ix":1,"mn":"ADBE Vector Group","hd":false}],"ip":58,"op":94,"st":0,"ct":1,"bm":0},{"ddd":0,"ind":10,"ty":0,"nm":"hair_L 2","parent":12,"tt":1,"tp":9,"refId":"comp_1","sr":1,"ks":{"o":{"a":0,"k":100,"ix":11},"r":{"a":0,"k":0,"ix":10},"p":{"a":0,"k":[-86.688,-234.09,0],"ix":2,"l":2},"a":{"a":0,"k":[589.091,264.08,0],"ix":1,"l":2},"s":{"a":0,"k":[-100,100,100],"ix":6,"l":2}},"ao":0,"w":1000,"h":1000,"ip":58,"op":94,"st":0,"bm":0},{"ddd":0,"ind":11,"ty":4,"nm":"Shape Layer 7","td":1,"sr":1,"ks":{"o":{"a":0,"k":100,"ix":11},"r":{"a":0,"k":0,"ix":10},"p":{"a":0,"k":[1022,500,0],"ix":2,"l":2},"a":{"a":0,"k":[0,0,0],"ix":1,"l":2},"s":{"a":0,"k":[100,100,100],"ix":6,"l":2}},"ao":0,"shapes":[{"ty":"gr","it":[{"ty":"rc","d":1,"s":{"a":0,"k":[494.805,606.195],"ix":2},"p":{"a":0,"k":[0,0],"ix":3},"r":{"a":0,"k":0,"ix":4},"nm":"Rectangle Path 1","mn":"ADBE Vector Shape - Rect","hd":false},{"ty":"fl","c":{"a":0,"k":[0,0.433330281576,1,1],"ix":4},"o":{"a":0,"k":100,"ix":5},"r":1,"bm":0,"nm":"Fill 1","mn":"ADBE Vector Graphic - Fill","hd":false},{"ty":"tr","p":{"a":0,"k":[-256.598,71.098],"ix":2},"a":{"a":0,"k":[0,0],"ix":1},"s":{"a":0,"k":[100,100],"ix":3},"r":{"a":0,"k":0,"ix":6},"o":{"a":0,"k":100,"ix":7},"sk":{"a":0,"k":0,"ix":4},"sa":{"a":0,"k":0,"ix":5},"nm":"Transform"}],"nm":"Rectangle 1","np":3,"cix":2,"bm":0,"ix":1,"mn":"ADBE Vector Group","hd":false}],"ip":58,"op":94,"st":0,"ct":1,"bm":0},{"ddd":0,"ind":12,"ty":4,"nm":"face_L 2","tt":1,"tp":11,"sr":1,"ks":{"o":{"a":0,"k":100,"ix":11},"r":{"a":1,"k":[{"i":{"x":[0.383],"y":[1.494]},"o":{"x":[0.343],"y":[0]},"t":58,"s":[6]},{"i":{"x":[0.666],"y":[1]},"o":{"x":[0.167],"y":[0]},"t":75,"s":[5]},{"t":84,"s":[0]}],"ix":10},"p":{"a":1,"k":[{"i":{"x":0.14,"y":1},"o":{"x":0.167,"y":0},"t":58,"s":[274.979,865.431,0],"to":[0,0,0],"ti":[0,0,0]},{"t":75,"s":[735.979,865.431,0]}],"ix":2,"l":2},"a":{"a":0,"k":[-199.021,365.431,0],"ix":1,"l":2},"s":{"a":0,"k":[100,100,100],"ix":6,"l":2}},"ao":0,"shapes":[{"ty":"gr","it":[{"ind":0,"ty":"sh","ix":1,"ks":{"a":0,"k":{"i":[[0,0],[0,0],[0,4.93],[5.27,0],[0,0],[0,0],[0,0],[0,0],[0,17.76],[0,0],[0,0],[0,0],[0,21.1],[0,0],[0,0],[0,-21.1],[0,0],[0,0],[0,0],[-62.79,0],[62.79,0],[0,0],[0,0],[0,0],[0,-54],[0,0],[0,-45.96],[0,0],[0,0],[0,0],[38.4,0],[0,0],[0,21.1],[0,0],[-21.1,0]],"o":[[0,0],[4.79,-0.51],[0,-5.28],[0,0],[0,0],[0,0],[0,0],[16.41,-4.29],[0,0],[0,0],[0,0],[21.1,0],[0,0],[0,0],[21.1,0],[0,0],[0,0],[0,0],[0,-37.32],[0,-37.32],[0,0],[0,0],[0,0],[147.19,0],[0,0],[-39.32,0],[0,0],[0,0],[0,0],[0,38.4],[0,0],[-21.1,0],[0,0],[0,-21.1],[0,0]],"v":[[-51.105,178.295],[-50.075,178.235],[-41.545,168.735],[-51.095,159.185],[-84.415,159.185],[-84.415,134.585],[-51.095,134.585],[-41.405,133.345],[-12.885,96.375],[-84.415,96.375],[-84.415,71.775],[-77.695,71.775],[-39.485,33.565],[-145.015,33.565],[-97.615,-130.645],[-59.405,-92.435],[-59.405,-85.695],[-59.405,-32.925],[-15.495,-32.925],[98.205,-100.495],[-15.485,-168.065],[-76.005,-168.065],[-97.625,-168.065],[-97.625,-264.275],[145.015,-89.745],[145.015,-57.065],[81.695,52.725],[81.695,156.635],[81.735,156.635],[81.735,194.745],[12.205,264.275],[-51.115,264.275],[-89.325,226.065],[-89.325,216.515],[-51.115,178.305]],"c":true},"ix":2},"nm":"Path 1","mn":"ADBE Vector Shape - Group","hd":false},{"ty":"fl","c":{"a":0,"k":[1,1,1,1],"ix":4},"o":{"a":0,"k":100,"ix":5},"r":1,"bm":0,"nm":"Fill 1","mn":"ADBE Vector Graphic - Fill","hd":false},{"ty":"tr","p":{"a":0,"k":[-199.026,105.431],"ix":2},"a":{"a":0,"k":[0,0],"ix":1},"s":{"a":0,"k":[100,100],"ix":3},"r":{"a":0,"k":0,"ix":6},"o":{"a":0,"k":100,"ix":7},"sk":{"a":0,"k":0,"ix":4},"sa":{"a":0,"k":0,"ix":5},"nm":"Transform"}],"nm":"Group 3","np":2,"cix":2,"bm":0,"ix":1,"mn":"ADBE Vector Group","hd":false},{"ty":"gr","it":[{"ind":0,"ty":"sh","ix":1,"ks":{"a":0,"k":{"i":[[0,0],[0,0],[0,-21.1],[0,0],[0,0],[0,0],[0,0],[78.84,-74.76],[0,0],[0,0],[0,0],[0,0],[0,0]],"o":[[0,0],[21.1,0],[0,0],[0,0],[0,0],[0,0],[0,0],[0,0],[0,0],[0,0],[0,0],[0,0],[0,0]],"v":[[-121.32,-185.99],[-95.99,-185.99],[-57.78,-147.78],[67.53,-147.78],[67.53,-112.42],[121.32,-112.42],[121.32,47.15],[40.1,186],[46.32,-85.45],[-108.13,-85.45],[-108.13,-123.66],[-121.32,-123.66],[-121.32,-186]],"c":true},"ix":2},"nm":"Path 1","mn":"ADBE Vector Shape - Group","hd":false},{"ty":"fl","c":{"a":0,"k":[0.384313755409,0.447058853449,0.505882352941,1],"ix":4},"o":{"a":0,"k":100,"ix":5},"r":1,"bm":0,"nm":"Fill 1","mn":"ADBE Vector Graphic - Fill","hd":false},{"ty":"tr","p":{"a":0,"k":[-175.321,160.776],"ix":2},"a":{"a":0,"k":[0,0],"ix":1},"s":{"a":0,"k":[100,100],"ix":3},"r":{"a":0,"k":0,"ix":6},"o":{"a":0,"k":100,"ix":7},"sk":{"a":0,"k":0,"ix":4},"sa":{"a":0,"k":0,"ix":5},"nm":"Transform"}],"nm":"Group 4","np":2,"cix":2,"bm":0,"ix":2,"mn":"ADBE Vector Group","hd":false}],"ip":58,"op":94,"st":0,"ct":1,"bm":0},{"ddd":0,"ind":13,"ty":4,"nm":"Shape Layer 5","td":1,"sr":1,"ks":{"o":{"a":0,"k":100,"ix":11},"r":{"a":0,"k":0,"ix":10},"p":{"a":0,"k":[500,500,0],"ix":2,"l":2},"a":{"a":0,"k":[0,0,0],"ix":1,"l":2},"s":{"a":0,"k":[100,253.448,100],"ix":6,"l":2}},"ao":0,"shapes":[{"ty":"gr","it":[{"ty":"rc","d":1,"s":{"a":0,"k":[494.805,606.195],"ix":2},"p":{"a":0,"k":[0,0],"ix":3},"r":{"a":0,"k":0,"ix":4},"nm":"Rectangle Path 1","mn":"ADBE Vector Shape - Rect","hd":false},{"ty":"fl","c":{"a":0,"k":[0,0.433330281576,1,1],"ix":4},"o":{"a":0,"k":100,"ix":5},"r":1,"bm":0,"nm":"Fill 1","mn":"ADBE Vector Graphic - Fill","hd":false},{"ty":"tr","p":{"a":0,"k":[-256.598,71.098],"ix":2},"a":{"a":0,"k":[0,0],"ix":1},"s":{"a":0,"k":[100,100],"ix":3},"r":{"a":0,"k":0,"ix":6},"o":{"a":0,"k":100,"ix":7},"sk":{"a":0,"k":0,"ix":4},"sa":{"a":0,"k":0,"ix":5},"nm":"Transform"}],"nm":"Rectangle 1","np":3,"cix":2,"bm":0,"ix":1,"mn":"ADBE Vector Group","hd":false}],"ip":0,"op":58,"st":0,"ct":1,"bm":0},{"ddd":0,"ind":14,"ty":0,"nm":"hair_L","parent":16,"tt":1,"tp":13,"refId":"comp_1","sr":1,"ks":{"o":{"a":0,"k":100,"ix":11},"r":{"a":0,"k":0,"ix":10},"p":{"a":0,"k":[-70.894,-234.512,0],"ix":2,"l":2},"a":{"a":0,"k":[589.091,264.08,0],"ix":1,"l":2},"s":{"a":0,"k":[-100,100,100],"ix":6,"l":2}},"ao":0,"w":1000,"h":1000,"ip":0,"op":58,"st":0,"bm":0},{"ddd":0,"ind":15,"ty":4,"nm":"Shape Layer 1","td":1,"sr":1,"ks":{"o":{"a":0,"k":100,"ix":11},"r":{"a":0,"k":0,"ix":10},"p":{"a":0,"k":[500,500,0],"ix":2,"l":2},"a":{"a":0,"k":[0,0,0],"ix":1,"l":2},"s":{"a":0,"k":[100,100,100],"ix":6,"l":2}},"ao":0,"shapes":[{"ty":"gr","it":[{"ty":"rc","d":1,"s":{"a":0,"k":[494.805,606.195],"ix":2},"p":{"a":0,"k":[0,0],"ix":3},"r":{"a":0,"k":0,"ix":4},"nm":"Rectangle Path 1","mn":"ADBE Vector Shape - Rect","hd":false},{"ty":"fl","c":{"a":0,"k":[0,0.433330281576,1,1],"ix":4},"o":{"a":0,"k":100,"ix":5},"r":1,"bm":0,"nm":"Fill 1","mn":"ADBE Vector Graphic - Fill","hd":false},{"ty":"tr","p":{"a":0,"k":[-256.598,71.098],"ix":2},"a":{"a":0,"k":[0,0],"ix":1},"s":{"a":0,"k":[100,100],"ix":3},"r":{"a":0,"k":0,"ix":6},"o":{"a":0,"k":100,"ix":7},"sk":{"a":0,"k":0,"ix":4},"sa":{"a":0,"k":0,"ix":5},"nm":"Transform"}],"nm":"Rectangle 1","np":3,"cix":2,"bm":0,"ix":1,"mn":"ADBE Vector Group","hd":false}],"ip":0,"op":58,"st":0,"ct":1,"bm":0},{"ddd":0,"ind":16,"ty":4,"nm":"face_L","tt":1,"tp":15,"sr":1,"ks":{"o":{"a":0,"k":100,"ix":11},"r":{"a":1,"k":[{"i":{"x":[0.017],"y":[0.971]},"o":{"x":[0.333],"y":[0]},"t":0,"s":[0]},{"t":30,"s":[-8]}],"ix":10},"p":{"a":1,"k":[{"i":{"x":0.833,"y":1},"o":{"x":0.885,"y":0},"t":0,"s":[280.979,865.431,0],"to":[0,0,0],"ti":[0,0,0]},{"i":{"x":0.421,"y":1},"o":{"x":0.885,"y":0},"t":20,"s":[300.979,865.431,0],"to":[0,0,0],"ti":[0,0,0]},{"t":48,"s":[750.979,865.431,0]}],"ix":2,"l":2},"a":{"a":0,"k":[-199.021,365.431,0],"ix":1,"l":2},"s":{"a":0,"k":[100,100,100],"ix":6,"l":2}},"ao":0,"shapes":[{"ty":"gr","it":[{"ind":0,"ty":"sh","ix":1,"ks":{"a":0,"k":{"i":[[0,0],[0,0],[0,4.93],[5.27,0],[0,0],[0,0],[0,0],[0,0],[0,17.76],[0,0],[0,0],[0,0],[0,21.1],[0,0],[0,0],[0,-21.1],[0,0],[0,0],[0,0],[-62.79,0],[62.79,0],[0,0],[0,0],[0,0],[0,-54],[0,0],[0,-45.96],[0,0],[0,0],[0,0],[38.4,0],[0,0],[0,21.1],[0,0],[-21.1,0]],"o":[[0,0],[4.79,-0.51],[0,-5.28],[0,0],[0,0],[0,0],[0,0],[16.41,-4.29],[0,0],[0,0],[0,0],[21.1,0],[0,0],[0,0],[21.1,0],[0,0],[0,0],[0,0],[0,-37.32],[0,-37.32],[0,0],[0,0],[0,0],[147.19,0],[0,0],[-39.32,0],[0,0],[0,0],[0,0],[0,38.4],[0,0],[-21.1,0],[0,0],[0,-21.1],[0,0]],"v":[[-51.105,178.295],[-50.075,178.235],[-41.545,168.735],[-51.095,159.185],[-84.415,159.185],[-84.415,134.585],[-51.095,134.585],[-41.405,133.345],[-12.885,96.375],[-84.415,96.375],[-84.415,71.775],[-77.695,71.775],[-39.485,33.565],[-145.015,33.565],[-97.615,-130.645],[-59.405,-92.435],[-59.405,-85.695],[-59.405,-32.925],[-15.495,-32.925],[98.205,-100.495],[-15.485,-168.065],[-76.005,-168.065],[-97.625,-168.065],[-97.625,-264.275],[145.015,-89.745],[145.015,-57.065],[81.695,52.725],[81.695,156.635],[81.735,156.635],[81.735,194.745],[12.205,264.275],[-51.115,264.275],[-89.325,226.065],[-89.325,216.515],[-51.115,178.305]],"c":true},"ix":2},"nm":"Path 1","mn":"ADBE Vector Shape - Group","hd":false},{"ty":"fl","c":{"a":0,"k":[1,1,1,1],"ix":4},"o":{"a":0,"k":100,"ix":5},"r":1,"bm":0,"nm":"Fill 1","mn":"ADBE Vector Graphic - Fill","hd":false},{"ty":"tr","p":{"a":0,"k":[-199.026,105.431],"ix":2},"a":{"a":0,"k":[0,0],"ix":1},"s":{"a":0,"k":[100,100],"ix":3},"r":{"a":0,"k":0,"ix":6},"o":{"a":0,"k":100,"ix":7},"sk":{"a":0,"k":0,"ix":4},"sa":{"a":0,"k":0,"ix":5},"nm":"Transform"}],"nm":"Group 3","np":2,"cix":2,"bm":0,"ix":1,"mn":"ADBE Vector Group","hd":false},{"ty":"gr","it":[{"ind":0,"ty":"sh","ix":1,"ks":{"a":0,"k":{"i":[[0,0],[0,0],[0,-21.1],[0,0],[0,0],[0,0],[0,0],[78.84,-74.76],[0,0],[0,0],[0,0],[0,0],[0,0]],"o":[[0,0],[21.1,0],[0,0],[0,0],[0,0],[0,0],[0,0],[0,0],[0,0],[0,0],[0,0],[0,0],[0,0]],"v":[[-121.32,-185.99],[-95.99,-185.99],[-57.78,-147.78],[67.53,-147.78],[67.53,-112.42],[121.32,-112.42],[121.32,47.15],[40.1,186],[46.32,-85.45],[-108.13,-85.45],[-108.13,-123.66],[-121.32,-123.66],[-121.32,-186]],"c":true},"ix":2},"nm":"Path 1","mn":"ADBE Vector Shape - Group","hd":false},{"ty":"fl","c":{"a":0,"k":[0.384313755409,0.447058853449,0.505882352941,1],"ix":4},"o":{"a":0,"k":100,"ix":5},"r":1,"bm":0,"nm":"Fill 1","mn":"ADBE Vector Graphic - Fill","hd":false},{"ty":"tr","p":{"a":0,"k":[-175.321,160.776],"ix":2},"a":{"a":0,"k":[0,0],"ix":1},"s":{"a":0,"k":[100,100],"ix":3},"r":{"a":0,"k":0,"ix":6},"o":{"a":0,"k":100,"ix":7},"sk":{"a":0,"k":0,"ix":4},"sa":{"a":0,"k":0,"ix":5},"nm":"Transform"}],"nm":"Group 4","np":2,"cix":2,"bm":0,"ix":2,"mn":"ADBE Vector Group","hd":false}],"ip":0,"op":58,"st":0,"ct":1,"bm":0}]},{"id":"comp_1","nm":"hair","fr":30,"layers":[{"ddd":0,"ind":1,"ty":4,"nm":"Shape Layer 4","td":1,"sr":1,"ks":{"o":{"a":0,"k":100,"ix":11},"r":{"a":0,"k":0,"ix":10},"p":{"a":0,"k":[1039.375,500,0],"ix":2,"l":2},"a":{"a":0,"k":[0,0,0],"ix":1,"l":2},"s":{"a":0,"k":[100,212.069,100],"ix":6,"l":2}},"ao":0,"shapes":[{"ty":"gr","it":[{"ty":"rc","d":1,"s":{"a":0,"k":[494.805,606.195],"ix":2},"p":{"a":0,"k":[0,0],"ix":3},"r":{"a":0,"k":0,"ix":4},"nm":"Rectangle Path 1","mn":"ADBE Vector Shape - Rect","hd":false},{"ty":"fl","c":{"a":0,"k":[0,0.433330281576,1,1],"ix":4},"o":{"a":0,"k":100,"ix":5},"r":1,"bm":0,"nm":"Fill 1","mn":"ADBE Vector Graphic - Fill","hd":false},{"ty":"tr","p":{"a":0,"k":[-256.598,71.098],"ix":2},"a":{"a":0,"k":[0,0],"ix":1},"s":{"a":0,"k":[100,100],"ix":3},"r":{"a":0,"k":0,"ix":6},"o":{"a":0,"k":100,"ix":7},"sk":{"a":0,"k":0,"ix":4},"sa":{"a":0,"k":0,"ix":5},"nm":"Transform"}],"nm":"Rectangle 1","np":3,"cix":2,"bm":0,"ix":1,"mn":"ADBE Vector Group","hd":false}],"ip":0,"op":159,"st":0,"ct":1,"bm":0},{"ddd":0,"ind":2,"ty":4,"nm":"hair_R_1","tt":1,"tp":1,"sr":1,"ks":{"o":{"a":0,"k":100,"ix":11},"r":{"a":0,"k":0,"ix":10},"p":{"a":0,"k":[673.479,163.887,0],"ix":2,"l":2},"a":{"a":0,"k":[-144.521,-336.113,0],"ix":1,"l":2},"s":{"a":0,"k":[-100,100,100],"ix":6,"l":2}},"ao":0,"shapes":[{"ty":"gr","it":[{"ind":0,"ty":"sh","ix":1,"ks":{"a":0,"k":{"i":[[112.24,33.21],[-109.9,14.49]],"o":[[0,0],[0,0]],"v":[[-77.395,12.62],[77.395,-45.83]],"c":true},"ix":2},"nm":"Path 1","mn":"ADBE Vector Shape - Group","hd":false},{"ty":"fl","c":{"a":0,"k":[1,1,1,1],"ix":4},"o":{"a":0,"k":100,"ix":5},"r":1,"bm":0,"nm":"Fill 1","mn":"ADBE Vector Graphic - Fill","hd":false},{"ty":"tr","p":{"a":0,"k":[-144.521,-323.133],"ix":2},"a":{"a":0,"k":[0,0],"ix":1},"s":{"a":0,"k":[100,100],"ix":3},"r":{"a":0,"k":0,"ix":6},"o":{"a":0,"k":100,"ix":7},"sk":{"a":0,"k":0,"ix":4},"sa":{"a":0,"k":0,"ix":5},"nm":"Transform"}],"nm":"Group 10","np":2,"cix":2,"bm":0,"ix":1,"mn":"ADBE Vector Group","hd":false}],"ip":0,"op":159,"st":0,"ct":1,"bm":0},{"ddd":0,"ind":3,"ty":4,"nm":"Shape Layer 3","td":1,"sr":1,"ks":{"o":{"a":0,"k":100,"ix":11},"r":{"a":0,"k":0,"ix":10},"p":{"a":0,"k":[1039.375,500,0],"ix":2,"l":2},"a":{"a":0,"k":[0,0,0],"ix":1,"l":2},"s":{"a":0,"k":[100,249.138,100],"ix":6,"l":2}},"ao":0,"shapes":[{"ty":"gr","it":[{"ty":"rc","d":1,"s":{"a":0,"k":[494.805,606.195],"ix":2},"p":{"a":0,"k":[0,0],"ix":3},"r":{"a":0,"k":0,"ix":4},"nm":"Rectangle Path 1","mn":"ADBE Vector Shape - Rect","hd":false},{"ty":"fl","c":{"a":0,"k":[0,0.433330281576,1,1],"ix":4},"o":{"a":0,"k":100,"ix":5},"r":1,"bm":0,"nm":"Fill 1","mn":"ADBE Vector Graphic - Fill","hd":false},{"ty":"tr","p":{"a":0,"k":[-256.598,71.098],"ix":2},"a":{"a":0,"k":[0,0],"ix":1},"s":{"a":0,"k":[100,100],"ix":3},"r":{"a":0,"k":0,"ix":6},"o":{"a":0,"k":100,"ix":7},"sk":{"a":0,"k":0,"ix":4},"sa":{"a":0,"k":0,"ix":5},"nm":"Transform"}],"nm":"Rectangle 1","np":3,"cix":2,"bm":0,"ix":1,"mn":"ADBE Vector Group","hd":false}],"ip":0,"op":159,"st":0,"ct":1,"bm":0},{"ddd":0,"ind":4,"ty":4,"nm":"hair_R_2","tt":1,"tp":3,"sr":1,"ks":{"o":{"a":0,"k":100,"ix":11},"r":{"a":0,"k":0,"ix":10},"p":{"a":0,"k":[755.906,286.164,0],"ix":2,"l":2},"a":{"a":0,"k":[-234.094,-213.836,0],"ix":1,"l":2},"s":{"a":0,"k":[-100,100,100],"ix":6,"l":2}},"ao":0,"shapes":[{"ty":"gr","it":[{"ind":0,"ty":"sh","ix":1,"ks":{"a":0,"k":{"i":[[0,0],[-42.12,43.66],[-11.49,-0.76],[-37.53,22.98],[74.75,-0.48],[41.19,-35.06]],"o":[[0,0],[42.13,-43.66],[11.49,0.77],[0,0],[-40.43,0.26],[-41.19,35.06]],"v":[[-105.7,73.615],[-74.3,-29.955],[29.87,-59.065],[116.42,-67.495],[31.06,-10.215],[-72,17.275]],"c":true},"ix":2},"nm":"Path 1","mn":"ADBE Vector Shape - Group","hd":false},{"ty":"fl","c":{"a":0,"k":[1,1,1,1],"ix":4},"o":{"a":0,"k":100,"ix":5},"r":1,"bm":0,"nm":"Fill 1","mn":"ADBE Vector Graphic - Fill","hd":false},{"ty":"tr","p":{"a":0,"k":[-238.844,-216.896],"ix":2},"a":{"a":0,"k":[0,0],"ix":1},"s":{"a":0,"k":[100,100],"ix":3},"r":{"a":0,"k":0,"ix":6},"o":{"a":0,"k":100,"ix":7},"sk":{"a":0,"k":0,"ix":4},"sa":{"a":0,"k":0,"ix":5},"nm":"Transform"}],"nm":"Group 8","np":2,"cix":2,"bm":0,"ix":1,"mn":"ADBE Vector Group","hd":false}],"ip":0,"op":159,"st":0,"ct":1,"bm":0},{"ddd":0,"ind":5,"ty":4,"nm":"Shape Layer 5","td":1,"sr":1,"ks":{"o":{"a":0,"k":100,"ix":11},"r":{"a":0,"k":0,"ix":10},"p":{"a":0,"k":[1039.375,500,0],"ix":2,"l":2},"a":{"a":0,"k":[0,0,0],"ix":1,"l":2},"s":{"a":0,"k":[100,249.138,100],"ix":6,"l":2}},"ao":0,"shapes":[{"ty":"gr","it":[{"ty":"rc","d":1,"s":{"a":0,"k":[494.805,606.195],"ix":2},"p":{"a":0,"k":[0,0],"ix":3},"r":{"a":0,"k":0,"ix":4},"nm":"Rectangle Path 1","mn":"ADBE Vector Shape - Rect","hd":false},{"ty":"fl","c":{"a":0,"k":[0,0.433330281576,1,1],"ix":4},"o":{"a":0,"k":100,"ix":5},"r":1,"bm":0,"nm":"Fill 1","mn":"ADBE Vector Graphic - Fill","hd":false},{"ty":"tr","p":{"a":0,"k":[-256.598,71.098],"ix":2},"a":{"a":0,"k":[0,0],"ix":1},"s":{"a":0,"k":[100,100],"ix":3},"r":{"a":0,"k":0,"ix":6},"o":{"a":0,"k":100,"ix":7},"sk":{"a":0,"k":0,"ix":4},"sa":{"a":0,"k":0,"ix":5},"nm":"Transform"}],"nm":"Rectangle 1","np":3,"cix":2,"bm":0,"ix":1,"mn":"ADBE Vector Group","hd":false}],"ip":0,"op":159,"st":0,"ct":1,"bm":0},{"ddd":0,"ind":6,"ty":4,"nm":"hair_R_3","tt":1,"tp":5,"sr":1,"ks":{"o":{"a":0,"k":100,"ix":11},"r":{"a":0,"k":0,"ix":10},"p":{"a":0,"k":[662.622,287.852,0],"ix":2,"l":2},"a":{"a":0,"k":[-139.878,-212.148,0],"ix":1,"l":2},"s":{"a":0,"k":[-100,100,100],"ix":6,"l":2}},"ao":0,"shapes":[{"ty":"gr","it":[{"ind":0,"ty":"sh","ix":1,"ks":{"a":0,"k":{"i":[[0,0],[-8.18,72.93],[54.07,-30.81],[0,0]],"o":[[0,0],[0,0],[-54.07,30.81],[0,0]],"v":[[-80.055,-1.04],[55.12,-58.16],[31.86,27.35],[-80.045,-1.03]],"c":true},"ix":2},"nm":"Path 1","mn":"ADBE Vector Shape - Group","hd":false},{"ty":"fl","c":{"a":0,"k":[1,1,1,1],"ix":4},"o":{"a":0,"k":100,"ix":5},"r":1,"bm":0,"nm":"Fill 1","mn":"ADBE Vector Graphic - Fill","hd":false},{"ty":"tr","p":{"a":0,"k":[-128.843,-201.528],"ix":2},"a":{"a":0,"k":[0,0],"ix":1},"s":{"a":0,"k":[100,100],"ix":3},"r":{"a":0,"k":0,"ix":6},"o":{"a":0,"k":100,"ix":7},"sk":{"a":0,"k":0,"ix":4},"sa":{"a":0,"k":0,"ix":5},"nm":"Transform"}],"nm":"Group 9","np":2,"cix":2,"bm":0,"ix":1,"mn":"ADBE Vector Group","hd":false}],"ip":0,"op":159,"st":0,"ct":1,"bm":0}]}],"layers":[{"ddd":0,"ind":1,"ty":4,"nm":"line_white","sr":1,"ks":{"o":{"a":0,"k":100,"ix":11},"r":{"a":0,"k":0,"ix":10},"p":{"a":0,"k":[487.915,500,0],"ix":2,"l":2},"a":{"a":0,"k":[0,0,0],"ix":1,"l":2},"s":{"a":0,"k":[100,100,100],"ix":6,"l":2}},"ao":0,"shapes":[{"ty":"gr","it":[{"ind":0,"ty":"sh","ix":1,"ks":{"a":1,"k":[{"i":{"x":0.115,"y":1},"o":{"x":0.149,"y":0},"t":2,"s":[{"i":[[0,0],[0,0],[0,0],[0,0],[0,0],[0,0]],"o":[[0,0],[0,0],[0,0],[0,0],[0,0],[0,0]],"v":[[-22.47,-285.975],[-22.47,285.975],[22.47,333.185],[22.47,285.975],[22.47,-285.975],[22.47,-333.185]],"c":true}]},{"i":{"x":0.115,"y":1},"o":{"x":0.61,"y":0},"t":44,"s":[{"i":[[0,0],[0,0],[0,0],[0,0],[0,0],[0,0]],"o":[[0,0],[0,0],[0,0],[0,0],[0,0],[0,0]],"v":[[-22.47,-245.975],[-22.47,245.975],[22.47,293.185],[22.47,245.975],[22.47,-245.975],[22.47,-293.185]],"c":true}]},{"i":{"x":0,"y":1},"o":{"x":0.353,"y":0},"t":56,"s":[{"i":[[0,0],[0,0],[0,0],[0,0],[0,0],[0,0]],"o":[[0,0],[0,0],[0,0],[0,0],[0,0],[0,0]],"v":[[-22.47,-245.975],[-22.47,245.975],[22.47,293.185],[22.47,245.975],[22.47,-245.975],[22.47,-293.185]],"c":true}]},{"i":{"x":0.833,"y":1},"o":{"x":0.167,"y":0},"t":76,"s":[{"i":[[0,0],[0,0],[0,0],[0,0],[0,0],[0,0]],"o":[[0,0],[0,0],[0,0],[0,0],[0,0],[0,0]],"v":[[-22.47,-285.975],[-22.47,285.975],[22.47,333.185],[22.47,285.975],[22.47,-285.975],[22.47,-333.185]],"c":true}]},{"i":{"x":0.115,"y":1},"o":{"x":0.149,"y":0},"t":96,"s":[{"i":[[0,0],[0,0],[0,0],[0,0],[0,0],[0,0]],"o":[[0,0],[0,0],[0,0],[0,0],[0,0],[0,0]],"v":[[-22.47,-285.975],[-22.47,285.975],[22.47,333.185],[22.47,285.975],[22.47,-285.975],[22.47,-333.185]],"c":true}]},{"i":{"x":0.115,"y":1},"o":{"x":0.61,"y":0},"t":138,"s":[{"i":[[0,0],[0,0],[0,0],[0,0],[0,0],[0,0]],"o":[[0,0],[0,0],[0,0],[0,0],[0,0],[0,0]],"v":[[-22.47,-245.975],[-22.47,245.975],[22.47,293.185],[22.47,245.975],[22.47,-245.975],[22.47,-293.185]],"c":true}]},{"i":{"x":0,"y":1},"o":{"x":0.353,"y":0},"t":150,"s":[{"i":[[0,0],[0,0],[0,0],[0,0],[0,0],[0,0]],"o":[[0,0],[0,0],[0,0],[0,0],[0,0],[0,0]],"v":[[-22.47,-245.975],[-22.47,245.975],[22.47,293.185],[22.47,245.975],[22.47,-245.975],[22.47,-293.185]],"c":true}]},{"t":170,"s":[{"i":[[0,0],[0,0],[0,0],[0,0],[0,0],[0,0]],"o":[[0,0],[0,0],[0,0],[0,0],[0,0],[0,0]],"v":[[-22.47,-285.975],[-22.47,285.975],[22.47,333.185],[22.47,285.975],[22.47,-285.975],[22.47,-333.185]],"c":true}]}],"ix":2},"nm":"Path 1","mn":"ADBE Vector Shape - Group","hd":false},{"ty":"fl","c":{"a":0,"k":[1,1,1,1],"ix":4},"o":{"a":0,"k":100,"ix":5},"r":1,"bm":0,"nm":"Fill 1","mn":"ADBE Vector Graphic - Fill","hd":false},{"ty":"tr","p":{"a":0,"k":[12.085,10.142],"ix":2},"a":{"a":0,"k":[0,0],"ix":1},"s":{"a":0,"k":[100,100],"ix":3},"r":{"a":0,"k":0,"ix":6},"o":{"a":0,"k":100,"ix":7},"sk":{"a":0,"k":0,"ix":4},"sa":{"a":0,"k":0,"ix":5},"nm":"Transform"}],"nm":"Group 7","np":2,"cix":2,"bm":0,"ix":1,"mn":"ADBE Vector Group","hd":false}],"ip":0,"op":190,"st":0,"ct":1,"bm":0},{"ddd":0,"ind":2,"ty":4,"nm":"line_grey","sr":1,"ks":{"o":{"a":0,"k":100,"ix":11},"r":{"a":0,"k":0,"ix":10},"p":{"a":0,"k":[488.199,500,0],"ix":2,"l":2},"a":{"a":0,"k":[0,0,0],"ix":1,"l":2},"s":{"a":0,"k":[100,100,100],"ix":6,"l":2}},"ao":0,"shapes":[{"ty":"gr","it":[{"ind":0,"ty":"sh","ix":1,"ks":{"a":1,"k":[{"i":{"x":0.115,"y":1},"o":{"x":0.149,"y":0},"t":2,"s":[{"i":[[0,0],[0,0],[0,0],[0,0],[0,0]],"o":[[0,0],[0,0],[0,0],[0,0],[0,0]],"v":[[490.23,130.17],[489.24,885.63],[534.36,932.42],[535.17,130.17],[535.17,82.96]],"c":true}]},{"i":{"x":0.115,"y":1},"o":{"x":0.61,"y":0},"t":44,"s":[{"i":[[0,0],[0,0],[0,0],[0,0],[0,0]],"o":[[0,0],[0,0],[0,0],[0,0],[0,0]],"v":[[490.23,170.17],[489.24,845.63],[534.36,892.42],[535.17,170.17],[535.17,122.96]],"c":true}]},{"i":{"x":0,"y":1},"o":{"x":0.353,"y":0},"t":56,"s":[{"i":[[0,0],[0,0],[0,0],[0,0],[0,0]],"o":[[0,0],[0,0],[0,0],[0,0],[0,0]],"v":[[490.23,170.17],[489.24,845.63],[534.36,892.42],[535.17,170.17],[535.17,122.96]],"c":true}]},{"i":{"x":0.833,"y":1},"o":{"x":0.167,"y":0},"t":76,"s":[{"i":[[0,0],[0,0],[0,0],[0,0],[0,0]],"o":[[0,0],[0,0],[0,0],[0,0],[0,0]],"v":[[490.23,130.17],[489.24,885.63],[534.36,932.42],[535.17,130.17],[535.17,82.96]],"c":true}]},{"i":{"x":0.115,"y":1},"o":{"x":0.149,"y":0},"t":96,"s":[{"i":[[0,0],[0,0],[0,0],[0,0],[0,0]],"o":[[0,0],[0,0],[0,0],[0,0],[0,0]],"v":[[490.23,130.17],[489.24,885.63],[534.36,932.42],[535.17,130.17],[535.17,82.96]],"c":true}]},{"i":{"x":0.115,"y":1},"o":{"x":0.61,"y":0},"t":138,"s":[{"i":[[0,0],[0,0],[0,0],[0,0],[0,0]],"o":[[0,0],[0,0],[0,0],[0,0],[0,0]],"v":[[490.23,170.17],[489.24,845.63],[534.36,892.42],[535.17,170.17],[535.17,122.96]],"c":true}]},{"i":{"x":0,"y":1},"o":{"x":0.353,"y":0},"t":150,"s":[{"i":[[0,0],[0,0],[0,0],[0,0],[0,0]],"o":[[0,0],[0,0],[0,0],[0,0],[0,0]],"v":[[490.23,170.17],[489.24,845.63],[534.36,892.42],[535.17,170.17],[535.17,122.96]],"c":true}]},{"t":170,"s":[{"i":[[0,0],[0,0],[0,0],[0,0],[0,0]],"o":[[0,0],[0,0],[0,0],[0,0],[0,0]],"v":[[490.23,130.17],[489.24,885.63],[534.36,932.42],[535.17,130.17],[535.17,82.96]],"c":true}]}],"ix":2},"nm":"Path 1","mn":"ADBE Vector Shape - Group","hd":false},{"ty":"fl","c":{"a":0,"k":[0.384313755409,0.435294147566,0.501960784314,1],"ix":4},"o":{"a":0,"k":100,"ix":5},"r":1,"bm":0,"nm":"Fill 1","mn":"ADBE Vector Graphic - Fill","hd":false},{"ty":"tr","p":{"a":0,"k":[-500.404,-498.439],"ix":2},"a":{"a":0,"k":[0,0],"ix":1},"s":{"a":0,"k":[100,100],"ix":3},"r":{"a":0,"k":0,"ix":6},"o":{"a":0,"k":100,"ix":7},"sk":{"a":0,"k":0,"ix":4},"sa":{"a":0,"k":0,"ix":5},"nm":"Transform"}],"nm":"Group 1","np":2,"cix":2,"bm":0,"ix":1,"mn":"ADBE Vector Group","hd":false}],"ip":0,"op":190,"st":0,"ct":1,"bm":0},{"ddd":0,"ind":3,"ty":0,"nm":"face","refId":"comp_0","sr":1,"ks":{"o":{"a":0,"k":100,"ix":11},"r":{"a":0,"k":0,"ix":10},"p":{"a":0,"k":[500,500,0],"ix":2,"l":2},"a":{"a":0,"k":[500,500,0],"ix":1,"l":2},"s":{"a":0,"k":[-100,100,100],"ix":6,"l":2}},"ao":0,"w":1000,"h":1000,"ip":0,"op":190,"st":0,"bm":0},{"ddd":0,"ind":4,"ty":0,"nm":"face","refId":"comp_0","sr":1,"ks":{"o":{"a":0,"k":100,"ix":11},"r":{"a":0,"k":0,"ix":10},"p":{"a":0,"k":[500,500,0],"ix":2,"l":2},"a":{"a":0,"k":[500,500,0],"ix":1,"l":2},"s":{"a":0,"k":[100,100,100],"ix":6,"l":2}},"ao":0,"w":1000,"h":1000,"ip":0,"op":190,"st":0,"bm":0}],"markers":[],"props":{}}