{"v":"5.12.1","fr":30,"ip":0,"op":40,"w":396,"h":1200,"nm":"01_torch","ddd":0,"assets":[{"id":"comp_0","nm":"flame","fr":30,"layers":[{"ddd":0,"ind":1,"ty":3,"nm":"Null 2","sr":1,"ks":{"o":{"a":0,"k":0,"ix":11},"r":{"a":0,"k":0,"ix":10},"p":{"a":0,"k":[562,1590,0],"ix":2,"l":2},"a":{"a":0,"k":[50,50,0],"ix":1,"l":2},"s":{"a":0,"k":[164,164,100],"ix":6,"l":2}},"ao":0,"ip":0,"op":106,"st":0,"bm":0},{"ddd":0,"ind":2,"ty":4,"nm":"lf6","parent":1,"sr":1,"ks":{"o":{"a":0,"k":100,"ix":11},"r":{"a":0,"k":0,"ix":10},"p":{"a":0,"k":[-60.114,-49.974,0],"ix":2,"l":2},"a":{"a":0,"k":[-133.875,17.5,0],"ix":1,"l":2},"s":{"a":0,"k":[518.097,518.097,100],"ix":6,"l":2}},"ao":0,"shapes":[{"ty":"gr","it":[{"d":1,"ty":"el","s":{"a":0,"k":[8,16],"ix":2},"p":{"a":0,"k":[0,0],"ix":3},"nm":"Ellipse Path 1","mn":"ADBE Vector Shape - Ellipse","hd":false},{"ty":"fl","c":{"a":0,"k":[1,1,1,1],"ix":4},"o":{"a":0,"k":100,"ix":5},"r":1,"bm":0,"nm":"Fill 1","mn":"ADBE Vector Graphic - Fill","hd":false},{"ty":"tr","p":{"a":1,"k":[{"i":{"x":0.667,"y":1},"o":{"x":0.167,"y":0},"t":25,"s":[-128.494,70.915],"to":[0,-21.978],"ti":[0,21.978]},{"t":40,"s":[-144.494,-24.955]}],"ix":2},"a":{"a":0,"k":[0,0],"ix":1},"s":{"a":1,"k":[{"i":{"x":[0.667,0.667],"y":[1,1]},"o":{"x":[0.167,0.167],"y":[0.167,0.167]},"t":25,"s":[100,100]},{"t":40,"s":[30,30]}],"ix":3},"r":{"a":0,"k":0,"ix":6},"o":{"a":1,"k":[{"i":{"x":[0.833],"y":[0.833]},"o":{"x":[0.167],"y":[0.167]},"t":25,"s":[100]},{"t":40,"s":[0]}],"ix":7},"sk":{"a":0,"k":0,"ix":4},"sa":{"a":0,"k":0,"ix":5},"nm":"Transform"}],"nm":"Ellipse 1","np":2,"cix":2,"bm":0,"ix":1,"mn":"ADBE Vector Group","hd":false}],"ip":25,"op":41,"st":15,"ct":1,"bm":0},{"ddd":0,"ind":3,"ty":4,"nm":"lf5","parent":1,"sr":1,"ks":{"o":{"a":0,"k":100,"ix":11},"r":{"a":0,"k":0,"ix":10},"p":{"a":0,"k":[193.947,233.775,0],"ix":2,"l":2},"a":{"a":0,"k":[-50.25,90,0],"ix":1,"l":2},"s":{"a":0,"k":[249.999,249.999,100],"ix":6,"l":2}},"ao":0,"shapes":[{"ty":"gr","it":[{"d":1,"ty":"el","s":{"a":0,"k":[12,12],"ix":2},"p":{"a":0,"k":[0,0],"ix":3},"nm":"Ellipse Path 1","mn":"ADBE Vector Shape - Ellipse","hd":false},{"ty":"fl","c":{"a":0,"k":[1,1,1,1],"ix":4},"o":{"a":0,"k":100,"ix":5},"r":1,"bm":0,"nm":"Fill 1","mn":"ADBE Vector Graphic - Fill","hd":false},{"ty":"tr","p":{"a":1,"k":[{"i":{"x":0.667,"y":1},"o":{"x":0.167,"y":0.138},"t":20,"s":[-93.78,90],"to":[11.25,-8.75],"ti":[-11.25,8.75]},{"t":35,"s":[-149.28,37.5]}],"ix":2},"a":{"a":0,"k":[0,0],"ix":1},"s":{"a":1,"k":[{"i":{"x":[0.667,0.667],"y":[1,1]},"o":{"x":[0.167,0.167],"y":[0.167,0.167]},"t":20,"s":[100,100]},{"t":35,"s":[50,50]}],"ix":3},"r":{"a":0,"k":0,"ix":6},"o":{"a":1,"k":[{"i":{"x":[0.833],"y":[0.833]},"o":{"x":[0.167],"y":[0.167]},"t":20,"s":[100]},{"t":35,"s":[0]}],"ix":7},"sk":{"a":0,"k":0,"ix":4},"sa":{"a":0,"k":0,"ix":5},"nm":"Transform"}],"nm":"Ellipse 1","np":2,"cix":2,"bm":0,"ix":1,"mn":"ADBE Vector Group","hd":false}],"ip":20,"op":36,"st":20,"ct":1,"bm":0},{"ddd":0,"ind":4,"ty":4,"nm":"lf1","parent":1,"sr":1,"ks":{"o":{"a":0,"k":100,"ix":11},"r":{"a":0,"k":0,"ix":10},"p":{"a":0,"k":[37.447,-1.194,0],"ix":2,"l":2},"a":{"a":0,"k":[-133.875,17.5,0],"ix":1,"l":2},"s":{"a":0,"k":[518.097,518.097,100],"ix":6,"l":2}},"ao":0,"shapes":[{"ty":"gr","it":[{"d":1,"ty":"el","s":{"a":0,"k":[8,16],"ix":2},"p":{"a":0,"k":[0,0],"ix":3},"nm":"Ellipse Path 1","mn":"ADBE Vector Shape - Ellipse","hd":false},{"ty":"fl","c":{"a":0,"k":[1,1,1,1],"ix":4},"o":{"a":0,"k":100,"ix":5},"r":1,"bm":0,"nm":"Fill 1","mn":"ADBE Vector Graphic - Fill","hd":false},{"ty":"tr","p":{"a":1,"k":[{"i":{"x":0.667,"y":1},"o":{"x":0.167,"y":0},"t":13,"s":[-128.494,70.915],"to":[0,-21.978],"ti":[0,21.978]},{"t":28,"s":[-158.494,-40.955]}],"ix":2},"a":{"a":0,"k":[0,0],"ix":1},"s":{"a":1,"k":[{"i":{"x":[0.667,0.667],"y":[1,1]},"o":{"x":[0.167,0.167],"y":[0.167,0.167]},"t":13,"s":[100,100]},{"t":28,"s":[30,30]}],"ix":3},"r":{"a":0,"k":0,"ix":6},"o":{"a":1,"k":[{"i":{"x":[0.833],"y":[0.833]},"o":{"x":[0.167],"y":[0.167]},"t":13,"s":[100]},{"t":28,"s":[0]}],"ix":7},"sk":{"a":0,"k":0,"ix":4},"sa":{"a":0,"k":0,"ix":5},"nm":"Transform"}],"nm":"Ellipse 1","np":2,"cix":2,"bm":0,"ix":1,"mn":"ADBE Vector Group","hd":false}],"ip":13,"op":29,"st":3,"ct":1,"bm":0},{"ddd":0,"ind":5,"ty":4,"nm":"lf4","parent":1,"sr":1,"ks":{"o":{"a":0,"k":100,"ix":11},"r":{"a":0,"k":0,"ix":10},"p":{"a":0,"k":[-55.428,259.401,0],"ix":2,"l":2},"a":{"a":0,"k":[-50,90.25,0],"ix":1,"l":2},"s":{"a":0,"k":[365.532,365.532,100],"ix":6,"l":2}},"ao":0,"shapes":[{"ty":"gr","it":[{"d":1,"ty":"el","s":{"a":0,"k":[10,10],"ix":2},"p":{"a":0,"k":[0,0],"ix":3},"nm":"Ellipse Path 1","mn":"ADBE Vector Shape - Ellipse","hd":false},{"ty":"fl","c":{"a":0,"k":[1,1,1,1],"ix":4},"o":{"a":0,"k":100,"ix":5},"r":1,"bm":0,"nm":"Fill 1","mn":"ADBE Vector Graphic - Fill","hd":false},{"ty":"tr","p":{"a":1,"k":[{"i":{"x":0.667,"y":1},"o":{"x":0.167,"y":0},"t":2,"s":[-27.854,129.78],"to":[-9.75,-13.194],"ti":[9.75,13.194]},{"t":17,"s":[-97.354,50.613]}],"ix":2},"a":{"a":0,"k":[0,0],"ix":1},"s":{"a":1,"k":[{"i":{"x":[0.667,0.667],"y":[1,1]},"o":{"x":[0.167,0.167],"y":[0.167,0.167]},"t":2,"s":[100,100]},{"t":17,"s":[50,50]}],"ix":3},"r":{"a":0,"k":0,"ix":6},"o":{"a":1,"k":[{"i":{"x":[0.833],"y":[0.833]},"o":{"x":[0.167],"y":[0.167]},"t":2,"s":[100]},{"t":17,"s":[0]}],"ix":7},"sk":{"a":0,"k":0,"ix":4},"sa":{"a":0,"k":0,"ix":5},"nm":"Transform"}],"nm":"Ellipse 1","np":2,"cix":2,"bm":0,"ix":1,"mn":"ADBE Vector Group","hd":false}],"ip":2,"op":18,"st":2,"ct":1,"bm":0},{"ddd":0,"ind":8,"ty":4,"nm":"flame","sr":1,"ks":{"o":{"a":0,"k":100,"ix":11},"r":{"a":0,"k":0,"ix":10},"p":{"a":0,"k":[594,2442.979,0],"ix":2,"l":2},"a":{"a":0,"k":[260.01,214.842,0],"ix":1,"l":2},"s":{"a":1,"k":[{"i":{"x":[0.667,0.667,0.667],"y":[1,1,1]},"o":{"x":[0.333,0.333,0.333],"y":[0,0,0]},"t":0,"s":[300,300,100]},{"i":{"x":[0.667,0.667,0.667],"y":[1,1,1]},"o":{"x":[0.333,0.333,0.333],"y":[0,0,0]},"t":5,"s":[300,330,100]},{"i":{"x":[0.667,0.667,0.667],"y":[1,1,1]},"o":{"x":[0.333,0.333,0.333],"y":[0,0,0]},"t":10,"s":[300,335,100]},{"i":{"x":[0.667,0.667,0.667],"y":[1,1,1]},"o":{"x":[0.333,0.333,0.333],"y":[0,0,0]},"t":15,"s":[300,330,100]},{"i":{"x":[0.667,0.667,0.667],"y":[1,1,1]},"o":{"x":[0.333,0.333,0.333],"y":[0,0,0]},"t":20,"s":[300,325,100]},{"i":{"x":[0.667,0.667,0.667],"y":[1,1,1]},"o":{"x":[0.333,0.333,0.333],"y":[0,0,0]},"t":25,"s":[300,330,100]},{"i":{"x":[0.667,0.667,0.667],"y":[1,1,1]},"o":{"x":[0.333,0.333,0.333],"y":[0,0,0]},"t":30,"s":[300,335,100]},{"i":{"x":[0.667,0.667,0.667],"y":[1,1,1]},"o":{"x":[0.333,0.333,0.333],"y":[0,0,0]},"t":35,"s":[300,330,100]},{"t":40,"s":[300,300,100]}],"ix":6,"l":2}},"ao":0,"shapes":[{"ty":"gr","it":[{"ind":0,"ty":"sh","ix":1,"ks":{"a":1,"k":[{"i":{"x":0.833,"y":1},"o":{"x":0.167,"y":0},"t":0,"s":[{"i":[[0,0],[-49.048,-51.041],[12.025,-9.178],[18.129,22.045],[9.916,5.225],[18.824,-22.497],[-6.484,-30.911],[0,0],[-44.993,32.626],[-78.86,2.111],[2.622,15.252],[-0.009,-0.013],[0,0],[0,20.054],[42.435,36.89]],"o":[[0,0],[40.847,42.508],[-0.443,-9.366],[-26.655,-32.413],[0,0],[-10.791,12.897],[6.483,30.911],[0,0],[0,0],[66.075,-1.769],[0.009,0.014],[13.404,19.955],[0,0],[0,-20.054],[-42.435,-36.891]],"v":[[8.326,-105.021],[27.943,-23.776],[24.298,58.828],[4.14,6.942],[-51.276,-52.031],[-75.266,9.171],[-84.951,68.278],[-54.262,105.021],[-37.948,16.421],[17.281,96.175],[78.004,32.102],[78.031,32.141],[83.777,74.009],[91.164,47.169],[46.068,-50.219]],"c":true}]},{"i":{"x":0.833,"y":1},"o":{"x":0.167,"y":0},"t":5,"s":[{"i":[[8.742,-1.266],[-44.84,-45.212],[10.349,-9.192],[19.067,21.074],[13.142,3.344],[16.202,-21.877],[-5.588,-30.534],[0,0],[-38.955,33.324],[-78.86,2.111],[2.622,15.252],[-0.01,-0.012],[0,0],[0,20.054],[42.435,36.89]],"o":[[9.847,2.11],[37.308,37.627],[-1.195,-8.895],[-25.743,-29.23],[0,0],[-9.397,12.886],[5.625,31.032],[0,0],[0,0],[66.075,-1.769],[0.009,0.014],[14.602,18.493],[0,0],[0,-20.054],[-40.587,-34.76]],"v":[[-25.294,-98.745],[20.054,-22.37],[22.895,44.146],[-1.449,2.239],[-68.177,-48.719],[-75.059,8.785],[-84.123,68.278],[-54.262,105.021],[-49.514,17.44],[16.453,96.175],[64.621,32.771],[64.648,32.81],[83.777,74.009],[91.164,47.169],[43.355,-45.467]],"c":true}]},{"i":{"x":0.833,"y":1},"o":{"x":0.167,"y":0},"t":10,"s":[{"i":[[8.742,-1.266],[-48.818,-40.885],[10.349,-9.192],[19.067,21.074],[13.142,3.344],[16.202,-21.877],[-5.588,-30.534],[0,0],[-38.955,33.324],[-78.86,2.111],[2.622,15.252],[-0.01,-0.012],[0,0],[0,20.054],[42.435,36.89]],"o":[[9.847,2.11],[27.17,22.755],[-1.195,-8.895],[-25.743,-29.23],[0,0],[-9.397,12.886],[5.625,31.032],[0,0],[0,0],[66.075,-1.769],[0.009,0.014],[14.602,18.493],[0,0],[0,-20.054],[-40.587,-34.76]],"v":[[-67.961,-83.222],[19.388,-24.758],[26.895,33.4],[-3.449,-4.925],[-92.844,-41.555],[-81.726,11.77],[-80.123,68.278],[-54.262,105.021],[-56.181,18.037],[16.453,96.175],[56.621,37.547],[56.648,37.586],[83.777,74.009],[91.164,47.169],[44.021,-44.869]],"c":true}]},{"i":{"x":0.833,"y":1},"o":{"x":0.167,"y":0},"t":15,"s":[{"i":[[41.186,-12.508],[-26.163,-27.987],[7.663,-13.987],[22.007,16.992],[13.142,3.344],[16.202,-21.877],[-5.588,-30.534],[0,0],[-38.955,33.324],[-78.86,2.111],[2.622,15.252],[-0.01,-0.012],[0,0],[0,20.054],[42.435,36.89]],"o":[[64.519,21.431],[14.443,15.45],[-5.003,-6.715],[-28.659,-21.19],[0,0],[-9.397,12.886],[5.625,31.032],[0,0],[0,0],[66.075,-1.769],[0.009,0.014],[14.602,18.493],[0,0],[0,-20.054],[-40.587,-34.76]],"v":[[-89.961,-82.091],[12.721,-22.976],[24.228,19.994],[-14.783,-12.198],[-100.177,-43.355],[-74.392,11.77],[-82.79,67.671],[-54.262,105.021],[-54.181,21.673],[16.453,96.174],[51.954,40.578],[51.981,40.617],[83.777,74.009],[91.164,47.169],[41.355,-40.093]],"c":true}]},{"i":{"x":0.833,"y":1},"o":{"x":0.167,"y":0},"t":20,"s":[{"i":[[42.232,-6.114],[-34.385,-19.192],[3.927,-9.246],[25.518,12.786],[25.501,-3.859],[6.157,-19.504],[-2.158,-29.091],[0,0],[-15.827,35.996],[-78.86,2.111],[2.622,15.252],[-0.016,-0.003],[0,0],[0,20.054],[42.435,36.89]],"o":[[47.565,10.194],[26.52,14.802],[-4.073,-7.092],[-27.249,-13.654],[0,0],[-4.055,12.845],[2.336,31.497],[0,0],[0,0],[66.075,-1.769],[0.009,0.014],[21.527,3.969],[0,0],[0,-20.054],[-33.51,-26.595]],"v":[[-126.341,-76.546],[-15.724,-40.391],[14.298,23.202],[-36.193,-18.237],[-116.276,-36.032],[-80.266,7.306],[-84.284,68.893],[-54.262,105.021],[-63.615,27.497],[13.281,96.175],[37.004,39.794],[37.031,39.833],[83.777,74.009],[91.164,47.169],[36.068,-50.834]],"c":true}]},{"i":{"x":0.833,"y":1},"o":{"x":0.167,"y":0},"t":25,"s":[{"i":[[41.186,-12.508],[-26.163,-27.987],[7.663,-13.987],[22.007,16.992],[13.142,3.344],[16.202,-21.877],[-5.588,-30.534],[0,0],[-38.955,33.324],[-78.86,2.111],[2.622,15.252],[-0.01,-0.012],[0,0],[0,20.054],[42.435,36.89]],"o":[[64.519,21.431],[14.443,15.45],[-5.003,-6.715],[-28.659,-21.19],[0,0],[-9.397,12.886],[5.625,31.032],[0,0],[0,0],[66.075,-1.769],[0.009,0.014],[14.602,18.493],[0,0],[0,-20.054],[-40.587,-34.76]],"v":[[-89.961,-82.091],[12.721,-22.976],[24.228,19.994],[-14.783,-12.198],[-100.177,-43.355],[-74.392,11.77],[-82.79,67.671],[-54.262,105.021],[-54.181,21.673],[16.453,96.174],[51.954,40.578],[51.981,40.617],[83.777,74.009],[91.164,47.169],[41.355,-40.093]],"c":true}]},{"i":{"x":0.833,"y":1},"o":{"x":0.167,"y":0},"t":30,"s":[{"i":[[8.742,-1.266],[-48.818,-40.885],[10.349,-9.192],[19.067,21.074],[13.142,3.344],[16.202,-21.877],[-5.588,-30.534],[0,0],[-38.955,33.324],[-78.86,2.111],[2.622,15.252],[-0.01,-0.012],[0,0],[0,20.054],[42.435,36.89]],"o":[[9.847,2.11],[27.17,22.755],[-1.195,-8.895],[-25.743,-29.23],[0,0],[-9.397,12.886],[5.625,31.032],[0,0],[0,0],[66.075,-1.769],[0.009,0.014],[14.602,18.493],[0,0],[0,-20.054],[-40.587,-34.76]],"v":[[-67.961,-83.222],[19.388,-24.758],[26.895,33.4],[-3.449,-4.925],[-92.844,-41.555],[-81.726,11.77],[-80.123,68.278],[-54.262,105.021],[-56.181,18.037],[16.453,96.175],[56.621,37.547],[56.648,37.586],[83.777,74.009],[91.164,47.169],[44.021,-44.869]],"c":true}]},{"i":{"x":0.833,"y":1},"o":{"x":0.167,"y":0},"t":35,"s":[{"i":[[8.742,-1.266],[-44.84,-45.212],[10.349,-9.192],[19.067,21.074],[13.142,3.344],[16.202,-21.877],[-5.588,-30.534],[0,0],[-38.955,33.324],[-78.86,2.111],[2.622,15.252],[-0.01,-0.012],[0,0],[0,20.054],[42.435,36.89]],"o":[[9.847,2.11],[37.308,37.627],[-1.195,-8.895],[-25.743,-29.23],[0,0],[-9.397,12.886],[5.625,31.032],[0,0],[0,0],[66.075,-1.769],[0.009,0.014],[14.602,18.493],[0,0],[0,-20.054],[-40.587,-34.76]],"v":[[-25.294,-98.745],[20.054,-22.37],[22.895,44.146],[-1.449,2.239],[-68.177,-48.719],[-75.059,8.785],[-84.123,68.278],[-54.262,105.021],[-49.514,17.44],[16.453,96.175],[64.621,32.771],[64.648,32.81],[83.777,74.009],[91.164,47.169],[43.355,-45.467]],"c":true}]},{"t":40,"s":[{"i":[[0,0],[-49.048,-51.041],[12.025,-9.178],[18.129,22.045],[9.916,5.225],[18.824,-22.497],[-6.484,-30.911],[0,0],[-44.993,32.626],[-78.86,2.111],[2.622,15.252],[-0.009,-0.013],[0,0],[0,20.054],[42.435,36.89]],"o":[[0,0],[40.847,42.508],[-0.443,-9.366],[-26.655,-32.413],[0,0],[-10.791,12.897],[6.483,30.911],[0,0],[0,0],[66.075,-1.769],[0.009,0.014],[13.404,19.955],[0,0],[0,-20.054],[-42.435,-36.891]],"v":[[8.326,-105.021],[27.943,-23.776],[24.298,58.828],[4.14,6.942],[-51.276,-52.031],[-75.266,9.171],[-84.951,68.278],[-54.262,105.021],[-37.948,16.421],[17.281,96.175],[78.004,32.102],[78.031,32.141],[83.777,74.009],[91.164,47.169],[46.068,-50.219]],"c":true}]}],"ix":2},"nm":"Path 1","mn":"ADBE Vector Shape - Group","hd":false},{"ty":"fl","c":{"a":0,"k":[0.992156922583,0.992156922583,0.984313785329,1],"ix":4},"o":{"a":0,"k":100,"ix":5},"r":1,"bm":0,"nm":"Fill 1","mn":"ADBE Vector Graphic - Fill","hd":false},{"ty":"tr","p":{"a":0,"k":[258.119,105.509],"ix":2},"a":{"a":0,"k":[0,0],"ix":1},"s":{"a":0,"k":[100,100],"ix":3},"r":{"a":0,"k":0,"ix":6},"o":{"a":0,"k":100,"ix":7},"sk":{"a":0,"k":0,"ix":4},"sa":{"a":0,"k":0,"ix":5},"nm":"Transform"}],"nm":"Group 1","np":2,"cix":2,"bm":0,"ix":1,"mn":"ADBE Vector Group","hd":false}],"ip":0,"op":159,"st":0,"ct":1,"bm":0}]}],"layers":[{"ddd":0,"ind":1,"ty":0,"nm":"flame","refId":"comp_0","sr":1,"ks":{"o":{"a":0,"k":100,"ix":11},"r":{"a":0,"k":0,"ix":10},"p":{"a":0,"k":[254,191,0],"ix":2,"l":2},"a":{"a":0,"k":[594,1215,0],"ix":1,"l":2},"s":{"a":0,"k":[33,33,100],"ix":6,"l":2}},"ao":0,"w":1188,"h":2430,"ip":0,"op":159,"st":0,"bm":0},{"ddd":0,"ind":2,"ty":4,"nm":"torch Outlines","sr":1,"ks":{"o":{"a":0,"k":100,"ix":11},"r":{"a":0,"k":0,"ix":10},"p":{"a":0,"k":[198,786,0],"ix":2,"l":2},"a":{"a":0,"k":[198,405,0],"ix":1,"l":2},"s":{"a":0,"k":[100,100,100],"ix":6,"l":2}},"ao":0,"shapes":[{"ty":"gr","it":[{"ind":0,"ty":"sh","ix":1,"ks":{"a":0,"k":{"i":[[0,0],[10.98,5.87],[6.53,-3.58],[14.04,-7.15],[2.04,-7.4],[8.93,-38.29],[0.25,-15.97],[0,0],[0,0],[-25.78,-13.28],[0,0],[0,0],[0,0],[0,0],[0,0],[0,0],[0,0],[-0.47,0.24],[-2.04,23.24],[0,0],[0,0],[0,0],[-4.44,7.5],[0,0]],"o":[[0,0],[-10.98,-5.87],[0,0],[-14.04,7.15],[-2.04,7.4],[-6.3,27.01],[0,0],[0,0],[0,0],[0,0],[0,0],[0,0],[0,0],[0,0],[0,0],[0,0],[0.46,-0.23],[19.91,-10.47],[2.04,-23.23],[0,0],[0,0],[33.45,16.34],[3.7,-6.26],[0,0]],"v":[[164.49,-142.98],[110.62,-170.3],[86.22,-172.34],[5.69,-135.32],[-13.46,-114.13],[-31.84,-30.9],[-39.74,43.14],[-56.86,13.78],[-173.8,118.46],[-117.89,162.12],[-49.21,102.89],[-92.1,176.17],[-5.8,101.36],[-11.42,81.45],[15.13,100.09],[15.13,52.09],[-5.16,49.47],[-3.77,48.77],[17.93,-24],[23.29,-101.87],[92.23,-146.04],[126.44,-130.47],[170.1,-133.02],[164.48,-142.98]],"c":true},"ix":2},"nm":"Path 1","mn":"ADBE Vector Shape - Group","hd":false},{"ty":"fl","c":{"a":0,"k":[1,1,1,1],"ix":4},"o":{"a":0,"k":100,"ix":5},"r":1,"bm":0,"nm":"Fill 1","mn":"ADBE Vector Graphic - Fill","hd":false},{"ty":"tr","p":{"a":0,"k":[173.8,587.983],"ix":2},"a":{"a":0,"k":[0,0],"ix":1},"s":{"a":0,"k":[100,100],"ix":3},"r":{"a":0,"k":0,"ix":6},"o":{"a":0,"k":100,"ix":7},"sk":{"a":0,"k":0,"ix":4},"sa":{"a":0,"k":0,"ix":5},"nm":"Transform"}],"nm":"Group 2","np":2,"cix":2,"bm":0,"ix":1,"mn":"ADBE Vector Group","hd":false},{"ty":"gr","it":[{"ind":0,"ty":"sh","ix":1,"ks":{"a":0,"k":{"i":[[0,0],[3.667,0],[0,-3.667],[0,0],[-3.667,0],[0,3.667]],"o":[[0,-3.667],[-3.667,0],[0,0],[0,3.667],[3.667,0],[0,0]],"v":[[6.64,-57.7],[0,-64.34],[-6.64,-57.7],[-6.64,57.7],[0,64.34],[6.64,57.7]],"c":true},"ix":2},"nm":"Path 1","mn":"ADBE Vector Shape - Group","hd":false},{"ty":"fl","c":{"a":0,"k":[1,1,1,1],"ix":4},"o":{"a":0,"k":100,"ix":5},"r":1,"bm":0,"nm":"Fill 1","mn":"ADBE Vector Graphic - Fill","hd":false},{"ty":"tr","p":{"a":0,"k":[305.78,745.173],"ix":2},"a":{"a":0,"k":[0,0],"ix":1},"s":{"a":0,"k":[100,100],"ix":3},"r":{"a":0,"k":0,"ix":6},"o":{"a":0,"k":100,"ix":7},"sk":{"a":0,"k":0,"ix":4},"sa":{"a":0,"k":0,"ix":5},"nm":"Transform"}],"nm":"Group 3","np":2,"cix":2,"bm":0,"ix":2,"mn":"ADBE Vector Group","hd":false},{"ty":"gr","it":[{"ind":0,"ty":"sh","ix":1,"ks":{"a":0,"k":{"i":[[0,0],[3.667,0],[0,-3.667],[0,0],[-3.667,0],[0,3.667]],"o":[[0,-3.667],[-3.667,0],[0,0],[0,3.667],[3.667,0],[0,0]],"v":[[6.64,-57.7],[0,-64.34],[-6.64,-57.7],[-6.64,57.7],[0,64.34],[6.64,57.7]],"c":true},"ix":2},"nm":"Path 1","mn":"ADBE Vector Shape - Group","hd":false},{"ty":"fl","c":{"a":0,"k":[1,1,1,1],"ix":4},"o":{"a":0,"k":100,"ix":5},"r":1,"bm":0,"nm":"Fill 1","mn":"ADBE Vector Graphic - Fill","hd":false},{"ty":"tr","p":{"a":0,"k":[218.97,745.173],"ix":2},"a":{"a":0,"k":[0,0],"ix":1},"s":{"a":0,"k":[100,100],"ix":3},"r":{"a":0,"k":0,"ix":6},"o":{"a":0,"k":100,"ix":7},"sk":{"a":0,"k":0,"ix":4},"sa":{"a":0,"k":0,"ix":5},"nm":"Transform"}],"nm":"Group 4","np":2,"cix":2,"bm":0,"ix":3,"mn":"ADBE Vector Group","hd":false},{"ty":"gr","it":[{"ind":0,"ty":"sh","ix":1,"ks":{"a":0,"k":{"i":[[0,0],[3.667,0],[0,-3.667],[0,0],[-3.667,0],[0,3.667]],"o":[[0,-3.667],[-3.667,0],[0,0],[0,3.667],[3.667,0],[0,0]],"v":[[6.64,-57.7],[0,-64.34],[-6.64,-57.7],[-6.64,57.7],[0,64.34],[6.64,57.7]],"c":true},"ix":2},"nm":"Path 1","mn":"ADBE Vector Shape - Group","hd":false},{"ty":"fl","c":{"a":0,"k":[1,1,1,1],"ix":4},"o":{"a":0,"k":100,"ix":5},"r":1,"bm":0,"nm":"Fill 1","mn":"ADBE Vector Graphic - Fill","hd":false},{"ty":"tr","p":{"a":0,"k":[247.91,745.173],"ix":2},"a":{"a":0,"k":[0,0],"ix":1},"s":{"a":0,"k":[100,100],"ix":3},"r":{"a":0,"k":0,"ix":6},"o":{"a":0,"k":100,"ix":7},"sk":{"a":0,"k":0,"ix":4},"sa":{"a":0,"k":0,"ix":5},"nm":"Transform"}],"nm":"Group 5","np":2,"cix":2,"bm":0,"ix":4,"mn":"ADBE Vector Group","hd":false},{"ty":"gr","it":[{"ind":0,"ty":"sh","ix":1,"ks":{"a":0,"k":{"i":[[0,0],[3.667,0],[0,-3.667],[0,0],[-3.667,0],[0,3.667]],"o":[[0,-3.667],[-3.667,0],[0,0],[0,3.667],[3.667,0],[0,0]],"v":[[6.64,-57.7],[0,-64.34],[-6.64,-57.7],[-6.64,57.7],[0,64.34],[6.64,57.7]],"c":true},"ix":2},"nm":"Path 1","mn":"ADBE Vector Shape - Group","hd":false},{"ty":"fl","c":{"a":0,"k":[1,1,1,1],"ix":4},"o":{"a":0,"k":100,"ix":5},"r":1,"bm":0,"nm":"Fill 1","mn":"ADBE Vector Graphic - Fill","hd":false},{"ty":"tr","p":{"a":0,"k":[276.84,745.173],"ix":2},"a":{"a":0,"k":[0,0],"ix":1},"s":{"a":0,"k":[100,100],"ix":3},"r":{"a":0,"k":0,"ix":6},"o":{"a":0,"k":100,"ix":7},"sk":{"a":0,"k":0,"ix":4},"sa":{"a":0,"k":0,"ix":5},"nm":"Transform"}],"nm":"Group 6","np":2,"cix":2,"bm":0,"ix":5,"mn":"ADBE Vector Group","hd":false},{"ty":"gr","it":[{"ind":0,"ty":"sh","ix":1,"ks":{"a":0,"k":{"i":[[0,0],[0,0],[0,-6.77],[-6.77,0],[0,0],[0,-4.69],[0,0],[0,11.47],[11.47,0]],"o":[[0,0],[-6.77,0],[0,6.77],[0,0],[4.68,0.03],[0,0],[11.47,0],[0,-11.47],[0,0]],"v":[[41.015,-20.77],[-49.535,-20.77],[-61.795,-8.51],[-49.535,3.75],[32.555,3.75],[41.025,12.26],[41.025,20.77],[61.795,0],[41.025,-20.77]],"c":true},"ix":2},"nm":"Path 1","mn":"ADBE Vector Shape - Group","hd":false},{"ty":"fl","c":{"a":0,"k":[1,1,1,1],"ix":4},"o":{"a":0,"k":100,"ix":5},"r":1,"bm":0,"nm":"Fill 1","mn":"ADBE Vector Graphic - Fill","hd":false},{"ty":"tr","p":{"a":0,"k":[328.935,658.143],"ix":2},"a":{"a":0,"k":[0,0],"ix":1},"s":{"a":0,"k":[100,100],"ix":3},"r":{"a":0,"k":0,"ix":6},"o":{"a":0,"k":100,"ix":7},"sk":{"a":0,"k":0,"ix":4},"sa":{"a":0,"k":0,"ix":5},"nm":"Transform"}],"nm":"Group 7","np":2,"cix":2,"bm":0,"ix":6,"mn":"ADBE Vector Group","hd":false},{"ty":"gr","it":[{"ind":0,"ty":"sh","ix":1,"ks":{"a":0,"k":{"i":[[0,0],[0,0],[0,-6.77],[-6.77,0],[0,0],[0,-4.69],[0,0],[0,11.47],[11.47,0]],"o":[[0,0],[-6.77,0],[0,6.77],[0,0],[4.68,0.03],[0,0],[11.47,0],[0,-11.47],[0,0]],"v":[[41.015,-20.77],[-49.535,-20.77],[-61.795,-8.51],[-49.535,3.75],[32.555,3.75],[41.025,12.26],[41.025,20.77],[61.795,0],[41.025,-20.77]],"c":true},"ix":2},"nm":"Path 1","mn":"ADBE Vector Shape - Group","hd":false},{"ty":"fl","c":{"a":0,"k":[1,1,1,1],"ix":4},"o":{"a":0,"k":100,"ix":5},"r":1,"bm":0,"nm":"Fill 1","mn":"ADBE Vector Graphic - Fill","hd":false},{"ty":"tr","p":{"a":0,"k":[328.935,612.183],"ix":2},"a":{"a":0,"k":[0,0],"ix":1},"s":{"a":0,"k":[100,100],"ix":3},"r":{"a":0,"k":0,"ix":6},"o":{"a":0,"k":100,"ix":7},"sk":{"a":0,"k":0,"ix":4},"sa":{"a":0,"k":0,"ix":5},"nm":"Transform"}],"nm":"Group 8","np":2,"cix":2,"bm":0,"ix":7,"mn":"ADBE Vector Group","hd":false},{"ty":"gr","it":[{"ind":0,"ty":"sh","ix":1,"ks":{"a":0,"k":{"i":[[0,0],[0,0],[0,-6.77],[-6.77,0],[0,0],[0,-4.69],[0,0],[0,11.47],[11.47,0]],"o":[[0,0],[-6.77,0],[0,6.77],[0,0],[4.68,0.03],[0,0],[11.47,0],[0,-11.47],[0,0]],"v":[[41.015,-20.77],[-49.535,-20.77],[-61.795,-8.51],[-49.535,3.75],[32.555,3.75],[41.025,12.26],[41.025,20.77],[61.795,0],[41.025,-20.77]],"c":true},"ix":2},"nm":"Path 1","mn":"ADBE Vector Shape - Group","hd":false},{"ty":"fl","c":{"a":0,"k":[1,1,1,1],"ix":4},"o":{"a":0,"k":100,"ix":5},"r":1,"bm":0,"nm":"Fill 1","mn":"ADBE Vector Graphic - Fill","hd":false},{"ty":"tr","p":{"a":0,"k":[328.935,515.563],"ix":2},"a":{"a":0,"k":[0,0],"ix":1},"s":{"a":0,"k":[100,100],"ix":3},"r":{"a":0,"k":0,"ix":6},"o":{"a":0,"k":100,"ix":7},"sk":{"a":0,"k":0,"ix":4},"sa":{"a":0,"k":0,"ix":5},"nm":"Transform"}],"nm":"Group 9","np":2,"cix":2,"bm":0,"ix":8,"mn":"ADBE Vector Group","hd":false},{"ty":"gr","it":[{"ind":0,"ty":"sh","ix":1,"ks":{"a":0,"k":{"i":[[0,0],[0,0],[0,-6.77],[-6.77,0],[0,0],[0,-4.69],[0,0],[0,11.47],[11.47,0]],"o":[[0,0],[-6.77,0],[0,6.77],[0,0],[4.68,0.03],[0,0],[11.47,0],[0,-11.47],[0,0]],"v":[[41.015,-20.77],[-49.535,-20.77],[-61.795,-8.51],[-49.535,3.75],[32.555,3.75],[41.025,12.26],[41.025,20.77],[61.795,0],[41.025,-20.77]],"c":true},"ix":2},"nm":"Path 1","mn":"ADBE Vector Shape - Group","hd":false},{"ty":"fl","c":{"a":0,"k":[1,1,1,1],"ix":4},"o":{"a":0,"k":100,"ix":5},"r":1,"bm":0,"nm":"Fill 1","mn":"ADBE Vector Graphic - Fill","hd":false},{"ty":"tr","p":{"a":0,"k":[328.935,563.563],"ix":2},"a":{"a":0,"k":[0,0],"ix":1},"s":{"a":0,"k":[100,100],"ix":3},"r":{"a":0,"k":0,"ix":6},"o":{"a":0,"k":100,"ix":7},"sk":{"a":0,"k":0,"ix":4},"sa":{"a":0,"k":0,"ix":5},"nm":"Transform"}],"nm":"Group 10","np":2,"cix":2,"bm":0,"ix":9,"mn":"ADBE Vector Group","hd":false},{"ty":"gr","it":[{"ind":0,"ty":"sh","ix":1,"ks":{"a":0,"k":{"i":[[0,0],[17.79,0.71],[3.31,0],[5.67,-0.2],[21.84,-15.88],[0,0],[-35.44,0],[-22.64,-5.15]],"o":[[-23.49,-17.08],[-3.25,-0.06],[-5.88,0],[-18.59,1.1],[0,0],[23.14,-5.87],[32.92,0],[0,0]],"v":[[88.09,10.18],[12.37,-11.3],[2.53,-11.4],[-14.81,-11.1],[-86.55,10.18],[-88.1,11.4],[2.53,1.89],[88.1,10.18]],"c":true},"ix":2},"nm":"Path 1","mn":"ADBE Vector Shape - Group","hd":false},{"ty":"fl","c":{"a":0,"k":[1,1,1,1],"ix":4},"o":{"a":0,"k":100,"ix":5},"r":1,"bm":0,"nm":"Fill 1","mn":"ADBE Vector Graphic - Fill","hd":false},{"ty":"tr","p":{"a":0,"k":[259.24,308.913],"ix":2},"a":{"a":0,"k":[0,0],"ix":1},"s":{"a":0,"k":[100,100],"ix":3},"r":{"a":0,"k":0,"ix":6},"o":{"a":0,"k":100,"ix":7},"sk":{"a":0,"k":0,"ix":4},"sa":{"a":0,"k":0,"ix":5},"nm":"Transform"}],"nm":"Group 11","np":2,"cix":2,"bm":0,"ix":10,"mn":"ADBE Vector Group","hd":false},{"ty":"gr","it":[{"ind":0,"ty":"sh","ix":1,"ks":{"a":0,"k":{"i":[[45.93,0],[21.65,-13.76],[0,0],[-48.42,0],[-22.5,-12.6],[0,0]],"o":[[-48.42,0],[0,0],[21.65,-13.76],[45.93,0],[0,0],[-22.5,-12.6]],"v":[[1.755,-20.68],[-110.445,2.41],[-110.445,20.68],[1.755,-2.41],[110.445,18.59],[110.445,0.32]],"c":true},"ix":2},"nm":"Path 1","mn":"ADBE Vector Shape - Group","hd":false},{"ty":"fl","c":{"a":0,"k":[1,1,1,1],"ix":4},"o":{"a":0,"k":100,"ix":5},"r":1,"bm":0,"nm":"Fill 1","mn":"ADBE Vector Graphic - Fill","hd":false},{"ty":"tr","p":{"a":0,"k":[260.015,350.983],"ix":2},"a":{"a":0,"k":[0,0],"ix":1},"s":{"a":0,"k":[100,100],"ix":3},"r":{"a":0,"k":0,"ix":6},"o":{"a":0,"k":100,"ix":7},"sk":{"a":0,"k":0,"ix":4},"sa":{"a":0,"k":0,"ix":5},"nm":"Transform"}],"nm":"Group 12","np":2,"cix":2,"bm":0,"ix":11,"mn":"ADBE Vector Group","hd":false},{"ty":"gr","it":[{"ind":0,"ty":"sh","ix":1,"ks":{"a":0,"k":{"i":[[45.93,0],[21.65,-13.76],[0,0],[-48.42,0],[-22.5,-12.6],[0,0]],"o":[[-48.42,0],[0,0],[21.65,-13.76],[45.93,0],[0,0],[-22.5,-12.6]],"v":[[1.755,-20.68],[-110.445,2.41],[-110.445,20.68],[1.755,-2.41],[110.445,18.59],[110.445,0.32]],"c":true},"ix":2},"nm":"Path 1","mn":"ADBE Vector Shape - Group","hd":false},{"ty":"fl","c":{"a":0,"k":[1,1,1,1],"ix":4},"o":{"a":0,"k":100,"ix":5},"r":1,"bm":0,"nm":"Fill 1","mn":"ADBE Vector Graphic - Fill","hd":false},{"ty":"tr","p":{"a":0,"k":[260.015,385.063],"ix":2},"a":{"a":0,"k":[0,0],"ix":1},"s":{"a":0,"k":[100,100],"ix":3},"r":{"a":0,"k":0,"ix":6},"o":{"a":0,"k":100,"ix":7},"sk":{"a":0,"k":0,"ix":4},"sa":{"a":0,"k":0,"ix":5},"nm":"Transform"}],"nm":"Group 13","np":2,"cix":2,"bm":0,"ix":12,"mn":"ADBE Vector Group","hd":false},{"ty":"gr","it":[{"ind":0,"ty":"sh","ix":1,"ks":{"a":0,"k":{"i":[[56.47,0],[26.62,-16.91],[0,0],[-59.54,0],[-27.66,-15.5],[0,0]],"o":[[-59.54,0],[0,0],[26.62,-16.92],[56.47,0],[0,0],[-27.67,-15.5]],"v":[[2.16,-25.43],[-135.8,2.96],[-135.8,25.43],[2.16,-2.96],[135.8,22.87],[135.8,0.4]],"c":true},"ix":2},"nm":"Path 1","mn":"ADBE Vector Shape - Group","hd":false},{"ty":"fl","c":{"a":0,"k":[1,1,1,1],"ix":4},"o":{"a":0,"k":100,"ix":5},"r":1,"bm":0,"nm":"Fill 1","mn":"ADBE Vector Graphic - Fill","hd":false},{"ty":"tr","p":{"a":0,"k":[260.01,283.533],"ix":2},"a":{"a":0,"k":[0,0],"ix":1},"s":{"a":0,"k":[100,100],"ix":3},"r":{"a":0,"k":0,"ix":6},"o":{"a":0,"k":100,"ix":7},"sk":{"a":0,"k":0,"ix":4},"sa":{"a":0,"k":0,"ix":5},"nm":"Transform"}],"nm":"Group 14","np":2,"cix":2,"bm":0,"ix":13,"mn":"ADBE Vector Group","hd":false},{"ty":"gr","it":[{"ind":0,"ty":"sh","ix":1,"ks":{"a":0,"k":{"i":[[56.47,0],[26.62,-16.91],[0,0],[-59.54,0],[-27.66,-15.5],[0,0]],"o":[[-59.54,0],[0,0],[26.62,-16.92],[56.47,0],[0,0],[-27.67,-15.5]],"v":[[2.16,-25.43],[-135.8,2.96],[-135.8,25.43],[2.16,-2.96],[135.8,22.87],[135.8,0.4]],"c":true},"ix":2},"nm":"Path 1","mn":"ADBE Vector Shape - Group","hd":false},{"ty":"fl","c":{"a":0,"k":[1,1,1,1],"ix":4},"o":{"a":0,"k":100,"ix":5},"r":1,"bm":0,"nm":"Fill 1","mn":"ADBE Vector Graphic - Fill","hd":false},{"ty":"tr","p":{"a":0,"k":[260.01,244.213],"ix":2},"a":{"a":0,"k":[0,0],"ix":1},"s":{"a":0,"k":[100,100],"ix":3},"r":{"a":0,"k":0,"ix":6},"o":{"a":0,"k":100,"ix":7},"sk":{"a":0,"k":0,"ix":4},"sa":{"a":0,"k":0,"ix":5},"nm":"Transform"}],"nm":"Group 15","np":2,"cix":2,"bm":0,"ix":14,"mn":"ADBE Vector Group","hd":false},{"ty":"gr","it":[{"ind":0,"ty":"sh","ix":1,"ks":{"a":0,"k":{"i":[[0,0],[0.02,-0.03]],"o":[[0,0],[0.03,-0.06]],"v":[[0.03,-0.05],[-0.03,0.05]],"c":true},"ix":2},"nm":"Path 1","mn":"ADBE Vector Shape - Group","hd":false},{"ty":"fl","c":{"a":0,"k":[0.384313755409,0.447058853449,0.505882352941,1],"ix":4},"o":{"a":0,"k":100,"ix":5},"r":1,"bm":0,"nm":"Fill 1","mn":"ADBE Vector Graphic - Fill","hd":false},{"ty":"tr","p":{"a":0,"k":[182.23,622.793],"ix":2},"a":{"a":0,"k":[0,0],"ix":1},"s":{"a":0,"k":[100,100],"ix":3},"r":{"a":0,"k":0,"ix":6},"o":{"a":0,"k":100,"ix":7},"sk":{"a":0,"k":0,"ix":4},"sa":{"a":0,"k":0,"ix":5},"nm":"Transform"}],"nm":"Group 16","np":2,"cix":2,"bm":0,"ix":15,"mn":"ADBE Vector Group","hd":false},{"ty":"gr","it":[{"ind":0,"ty":"sh","ix":1,"ks":{"a":0,"k":{"i":[[-0.05,0.08],[0.03,-0.06]],"o":[[-0.05,0.09],[0.03,-0.06]],"v":[[0.06,-0.11],[-0.06,0.11]],"c":true},"ix":2},"nm":"Path 1","mn":"ADBE Vector Shape - Group","hd":false},{"ty":"fl","c":{"a":0,"k":[0.384313755409,0.447058853449,0.505882352941,1],"ix":4},"o":{"a":0,"k":100,"ix":5},"r":1,"bm":0,"nm":"Fill 1","mn":"ADBE Vector Graphic - Fill","hd":false},{"ty":"tr","p":{"a":0,"k":[176.95,632.583],"ix":2},"a":{"a":0,"k":[0,0],"ix":1},"s":{"a":0,"k":[100,100],"ix":3},"r":{"a":0,"k":0,"ix":6},"o":{"a":0,"k":100,"ix":7},"sk":{"a":0,"k":0,"ix":4},"sa":{"a":0,"k":0,"ix":5},"nm":"Transform"}],"nm":"Group 17","np":2,"cix":2,"bm":0,"ix":16,"mn":"ADBE Vector Group","hd":false},{"ty":"gr","it":[{"ind":0,"ty":"sh","ix":1,"ks":{"a":0,"k":{"i":[[-0.02,0.04],[0.01,-0.03]],"o":[[0,0],[0.02,-0.03]],"v":[[0.025,-0.05],[-0.025,0.05]],"c":true},"ix":2},"nm":"Path 1","mn":"ADBE Vector Shape - Group","hd":false},{"ty":"fl","c":{"a":0,"k":[0.384313755409,0.447058853449,0.505882352941,1],"ix":4},"o":{"a":0,"k":100,"ix":5},"r":1,"bm":0,"nm":"Fill 1","mn":"ADBE Vector Graphic - Fill","hd":false},{"ty":"tr","p":{"a":0,"k":[177.035,632.433],"ix":2},"a":{"a":0,"k":[0,0],"ix":1},"s":{"a":0,"k":[100,100],"ix":3},"r":{"a":0,"k":0,"ix":6},"o":{"a":0,"k":100,"ix":7},"sk":{"a":0,"k":0,"ix":4},"sa":{"a":0,"k":0,"ix":5},"nm":"Transform"}],"nm":"Group 18","np":2,"cix":2,"bm":0,"ix":17,"mn":"ADBE Vector Group","hd":false},{"ty":"gr","it":[{"ind":0,"ty":"sh","ix":1,"ks":{"a":0,"k":{"i":[[0,0],[0,0],[0,0],[-12.76,2.73],[12.77,6.24]],"o":[[0,0],[0,0],[0,0],[-6.17,0.08],[0,0]],"v":[[3.27,2.245],[-30.94,-13.325],[-20.98,0.545],[30.94,10.595],[3.28,2.245]],"c":true},"ix":2},"nm":"Path 1","mn":"ADBE Vector Shape - Group","hd":false},{"ty":"fl","c":{"a":0,"k":[0.384313755409,0.447058853449,0.505882352941,1],"ix":4},"o":{"a":0,"k":100,"ix":5},"r":1,"bm":0,"nm":"Fill 1","mn":"ADBE Vector Graphic - Fill","hd":false},{"ty":"tr","p":{"a":0,"k":[296.97,455.268],"ix":2},"a":{"a":0,"k":[0,0],"ix":1},"s":{"a":0,"k":[100,100],"ix":3},"r":{"a":0,"k":0,"ix":6},"o":{"a":0,"k":100,"ix":7},"sk":{"a":0,"k":0,"ix":4},"sa":{"a":0,"k":0,"ix":5},"nm":"Transform"}],"nm":"Group 19","np":2,"cix":2,"bm":0,"ix":18,"mn":"ADBE Vector Group","hd":false},{"ty":"gr","it":[{"ind":0,"ty":"sh","ix":1,"ks":{"a":0,"k":{"i":[[0,0],[7.72,-16.55],[0,0],[0,62.98],[0,0],[0,0],[0,0],[0,0],[2.04,-23.23]],"o":[[-1.49,16.91],[0,0],[12.37,-22.94],[0,0],[0,0],[0,0],[0,0],[0,0],[0,0]],"v":[[-32.405,31.635],[-41.885,90.385],[-41.885,90.405],[-14.535,-6.405],[-14.535,-38.745],[36.695,-72.275],[41.885,-90.405],[-27.055,-46.235],[-32.415,31.635]],"c":true},"ix":2},"nm":"Path 1","mn":"ADBE Vector Shape - Group","hd":false},{"ty":"fl","c":{"a":0,"k":[0.384313755409,0.447058853449,0.505882352941,1],"ix":4},"o":{"a":0,"k":100,"ix":5},"r":1,"bm":0,"nm":"Fill 1","mn":"ADBE Vector Graphic - Fill","hd":false},{"ty":"tr","p":{"a":0,"k":[224.135,532.348],"ix":2},"a":{"a":0,"k":[0,0],"ix":1},"s":{"a":0,"k":[100,100],"ix":3},"r":{"a":0,"k":0,"ix":6},"o":{"a":0,"k":100,"ix":7},"sk":{"a":0,"k":0,"ix":4},"sa":{"a":0,"k":0,"ix":5},"nm":"Transform"}],"nm":"Group 20","np":2,"cix":2,"bm":0,"ix":19,"mn":"ADBE Vector Group","hd":false},{"ty":"gr","it":[{"ind":0,"ty":"sh","ix":1,"ks":{"a":0,"k":{"i":[[0.01,-0.02],[-0.01,0.02]],"o":[[0,0],[-0.01,0.02]],"v":[[-0.015,0.03],[0.015,-0.03]],"c":true},"ix":2},"nm":"Path 1","mn":"ADBE Vector Shape - Group","hd":false},{"ty":"fl","c":{"a":0,"k":[0.384313755409,0.447058853449,0.505882352941,1],"ix":4},"o":{"a":0,"k":100,"ix":5},"r":1,"bm":0,"nm":"Fill 1","mn":"ADBE Vector Graphic - Fill","hd":false},{"ty":"tr","p":{"a":0,"k":[182.185,622.883],"ix":2},"a":{"a":0,"k":[0,0],"ix":1},"s":{"a":0,"k":[100,100],"ix":3},"r":{"a":0,"k":0,"ix":6},"o":{"a":0,"k":100,"ix":7},"sk":{"a":0,"k":0,"ix":4},"sa":{"a":0,"k":0,"ix":5},"nm":"Transform"}],"nm":"Group 21","np":2,"cix":2,"bm":0,"ix":20,"mn":"ADBE Vector Group","hd":false},{"ty":"gr","it":[{"ind":0,"ty":"sh","ix":1,"ks":{"a":0,"k":{"i":[[-0.13,0.23],[0.12,-0.21]],"o":[[-0.13,0.24],[0.12,-0.22]],"v":[[0.185,-0.34],[-0.185,0.34]],"c":true},"ix":2},"nm":"Path 1","mn":"ADBE Vector Shape - Group","hd":false},{"ty":"fl","c":{"a":0,"k":[0.384313755409,0.447058853449,0.505882352941,1],"ix":4},"o":{"a":0,"k":100,"ix":5},"r":1,"bm":0,"nm":"Fill 1","mn":"ADBE Vector Graphic - Fill","hd":false},{"ty":"tr","p":{"a":0,"k":[178.925,628.923],"ix":2},"a":{"a":0,"k":[0,0],"ix":1},"s":{"a":0,"k":[100,100],"ix":3},"r":{"a":0,"k":0,"ix":6},"o":{"a":0,"k":100,"ix":7},"sk":{"a":0,"k":0,"ix":4},"sa":{"a":0,"k":0,"ix":5},"nm":"Transform"}],"nm":"Group 22","np":2,"cix":2,"bm":0,"ix":21,"mn":"ADBE Vector Group","hd":false},{"ty":"gr","it":[{"ind":0,"ty":"sh","ix":1,"ks":{"a":0,"k":{"i":[[-0.05,0.09],[0.04,-0.09]],"o":[[-0.05,0.09],[0.05,-0.09]],"v":[[0.07,-0.135],[-0.07,0.135]],"c":true},"ix":2},"nm":"Path 1","mn":"ADBE Vector Shape - Group","hd":false},{"ty":"fl","c":{"a":0,"k":[0.384313755409,0.447058853449,0.505882352941,1],"ix":4},"o":{"a":0,"k":100,"ix":5},"r":1,"bm":0,"nm":"Fill 1","mn":"ADBE Vector Graphic - Fill","hd":false},{"ty":"tr","p":{"a":0,"k":[179.18,628.448],"ix":2},"a":{"a":0,"k":[0,0],"ix":1},"s":{"a":0,"k":[100,100],"ix":3},"r":{"a":0,"k":0,"ix":6},"o":{"a":0,"k":100,"ix":7},"sk":{"a":0,"k":0,"ix":4},"sa":{"a":0,"k":0,"ix":5},"nm":"Transform"}],"nm":"Group 23","np":2,"cix":2,"bm":0,"ix":22,"mn":"ADBE Vector Group","hd":false},{"ty":"gr","it":[{"ind":0,"ty":"sh","ix":1,"ks":{"a":0,"k":{"i":[[-0.23,0.43],[0.22,-0.4]],"o":[[-0.25,0.46],[0.23,-0.43]],"v":[[0.35,-0.65],[-0.35,0.65]],"c":true},"ix":2},"nm":"Path 1","mn":"ADBE Vector Shape - Group","hd":false},{"ty":"fl","c":{"a":0,"k":[0.384313755409,0.447058853449,0.505882352941,1],"ix":4},"o":{"a":0,"k":100,"ix":5},"r":1,"bm":0,"nm":"Fill 1","mn":"ADBE Vector Graphic - Fill","hd":false},{"ty":"tr","p":{"a":0,"k":[179.61,627.663],"ix":2},"a":{"a":0,"k":[0,0],"ix":1},"s":{"a":0,"k":[100,100],"ix":3},"r":{"a":0,"k":0,"ix":6},"o":{"a":0,"k":100,"ix":7},"sk":{"a":0,"k":0,"ix":4},"sa":{"a":0,"k":0,"ix":5},"nm":"Transform"}],"nm":"Group 24","np":2,"cix":2,"bm":0,"ix":23,"mn":"ADBE Vector Group","hd":false},{"ty":"gr","it":[{"ind":0,"ty":"sh","ix":1,"ks":{"a":0,"k":{"i":[[-0.02,0.04],[0.02,-0.04]],"o":[[0,0],[0.02,-0.03]],"v":[[0.025,-0.05],[-0.025,0.05]],"c":true},"ix":2},"nm":"Path 1","mn":"ADBE Vector Shape - Group","hd":false},{"ty":"fl","c":{"a":0,"k":[0.384313755409,0.447058853449,0.505882352941,1],"ix":4},"o":{"a":0,"k":100,"ix":5},"r":1,"bm":0,"nm":"Fill 1","mn":"ADBE Vector Graphic - Fill","hd":false},{"ty":"tr","p":{"a":0,"k":[178.715,629.313],"ix":2},"a":{"a":0,"k":[0,0],"ix":1},"s":{"a":0,"k":[100,100],"ix":3},"r":{"a":0,"k":0,"ix":6},"o":{"a":0,"k":100,"ix":7},"sk":{"a":0,"k":0,"ix":4},"sa":{"a":0,"k":0,"ix":5},"nm":"Transform"}],"nm":"Group 25","np":2,"cix":2,"bm":0,"ix":24,"mn":"ADBE Vector Group","hd":false},{"ty":"gr","it":[{"ind":0,"ty":"sh","ix":1,"ks":{"a":0,"k":{"i":[[-0.21,0.39],[0.18,-0.34]],"o":[[-0.22,0.41],[0.19,-0.35]],"v":[[0.3,-0.56],[-0.3,0.56]],"c":true},"ix":2},"nm":"Path 1","mn":"ADBE Vector Shape - Group","hd":false},{"ty":"fl","c":{"a":0,"k":[0.384313755409,0.447058853449,0.505882352941,1],"ix":4},"o":{"a":0,"k":100,"ix":5},"r":1,"bm":0,"nm":"Fill 1","mn":"ADBE Vector Graphic - Fill","hd":false},{"ty":"tr","p":{"a":0,"k":[178.39,629.913],"ix":2},"a":{"a":0,"k":[0,0],"ix":1},"s":{"a":0,"k":[100,100],"ix":3},"r":{"a":0,"k":0,"ix":6},"o":{"a":0,"k":100,"ix":7},"sk":{"a":0,"k":0,"ix":4},"sa":{"a":0,"k":0,"ix":5},"nm":"Transform"}],"nm":"Group 26","np":2,"cix":2,"bm":0,"ix":25,"mn":"ADBE Vector Group","hd":false},{"ty":"gr","it":[{"ind":0,"ty":"sh","ix":1,"ks":{"a":0,"k":{"i":[[-0.13,0.25],[0.09,-0.17]],"o":[[-0.14,0.26],[0.1,-0.18]],"v":[[0.175,-0.325],[-0.175,0.325]],"c":true},"ix":2},"nm":"Path 1","mn":"ADBE Vector Shape - Group","hd":false},{"ty":"fl","c":{"a":0,"k":[0.384313755409,0.447058853449,0.505882352941,1],"ix":4},"o":{"a":0,"k":100,"ix":5},"r":1,"bm":0,"nm":"Fill 1","mn":"ADBE Vector Graphic - Fill","hd":false},{"ty":"tr","p":{"a":0,"k":[177.235,632.058],"ix":2},"a":{"a":0,"k":[0,0],"ix":1},"s":{"a":0,"k":[100,100],"ix":3},"r":{"a":0,"k":0,"ix":6},"o":{"a":0,"k":100,"ix":7},"sk":{"a":0,"k":0,"ix":4},"sa":{"a":0,"k":0,"ix":5},"nm":"Transform"}],"nm":"Group 27","np":2,"cix":2,"bm":0,"ix":26,"mn":"ADBE Vector Group","hd":false},{"ty":"gr","it":[{"ind":0,"ty":"sh","ix":1,"ks":{"a":0,"k":{"i":[[-0.02,0.05],[0.02,-0.05]],"o":[[-0.03,0.05],[0.03,-0.05]],"v":[[0.04,-0.075],[-0.04,0.075]],"c":true},"ix":2},"nm":"Path 1","mn":"ADBE Vector Shape - Group","hd":false},{"ty":"fl","c":{"a":0,"k":[0.384313755409,0.447058853449,0.505882352941,1],"ix":4},"o":{"a":0,"k":100,"ix":5},"r":1,"bm":0,"nm":"Fill 1","mn":"ADBE Vector Graphic - Fill","hd":false},{"ty":"tr","p":{"a":0,"k":[177.65,631.278],"ix":2},"a":{"a":0,"k":[0,0],"ix":1},"s":{"a":0,"k":[100,100],"ix":3},"r":{"a":0,"k":0,"ix":6},"o":{"a":0,"k":100,"ix":7},"sk":{"a":0,"k":0,"ix":4},"sa":{"a":0,"k":0,"ix":5},"nm":"Transform"}],"nm":"Group 28","np":2,"cix":2,"bm":0,"ix":27,"mn":"ADBE Vector Group","hd":false},{"ty":"gr","it":[{"ind":0,"ty":"sh","ix":1,"ks":{"a":0,"k":{"i":[[-0.14,0.27],[0.12,-0.23]],"o":[[-0.14,0.26],[0.12,-0.22]],"v":[[0.195,-0.365],[-0.195,0.365]],"c":true},"ix":2},"nm":"Path 1","mn":"ADBE Vector Shape - Group","hd":false},{"ty":"fl","c":{"a":0,"k":[0.384313755409,0.447058853449,0.505882352941,1],"ix":4},"o":{"a":0,"k":100,"ix":5},"r":1,"bm":0,"nm":"Fill 1","mn":"ADBE Vector Graphic - Fill","hd":false},{"ty":"tr","p":{"a":0,"k":[177.895,630.838],"ix":2},"a":{"a":0,"k":[0,0],"ix":1},"s":{"a":0,"k":[100,100],"ix":3},"r":{"a":0,"k":0,"ix":6},"o":{"a":0,"k":100,"ix":7},"sk":{"a":0,"k":0,"ix":4},"sa":{"a":0,"k":0,"ix":5},"nm":"Transform"}],"nm":"Group 29","np":2,"cix":2,"bm":0,"ix":28,"mn":"ADBE Vector Group","hd":false}],"ip":0,"op":159,"st":0,"ct":1,"bm":0}],"markers":[],"props":{}}